{"stats":{"minecraft:picked_up":{"minecraft:azure_bluet":1,"minecraft:flower_pot":1,"minecraft:anvil":1,"mts:unudecor.unuparts_decor_unu_sofa":1,"cfm:red_sofa":2,"minecraft:birch_planks":1,"mts:mtsofficialpack.wheelmedium":1,"minecraft:cornflower":5,"minecraft:dirt":2153,"mts:mts.wrench":1,"minecraft:smooth_stone_slab":2,"minecraft:item_frame":1,"minecraft:red_carpet":1,"minecraft:kelp":1,"mts:unucivil.unucivil_vehicle_unu_mole_blue":1,"minecraft:wheat_seeds":16,"minecraft:warped_stem":64,"mts:unucivil.unucivil_trailer_unu_baggage_closed_blue":1,"minecraft:poppy":2,"mts:mtsofficialpack.seatblack":1,"minecraft:oak_planks":1,"mts:unuparts.unuparts_part_alex":1,"lightmanscurrency:atm":1,"minecraft:dark_oak_slab":1,"minecraft:stone":4,"minecraft:dandelion":1,"minecraft:gravel":4,"minecraft:porkchop":2,"minecraft:netherite_shovel":2,"argentinas_delight:bolasfrailehechasbandeja":1,"minecraft:diorite":3,"minecraft:grass_block":1,"minecraft:light_blue_stained_glass":1,"mts:unudecor.unuparts_decor_unu_books_generic2":1,"mts:unudecor.unuparts_decor_unu_books_generic1":1,"argentinas_delight:matevacio":2,"minecraft:dark_oak_planks":1,"minecraft:lime_carpet":1,"argentinas_delight:mateconyuyos":1,"minecraft:painting":2,"minecraft:white_concrete":2,"minecraft:cobblestone":2,"mts:unudecor.unuparts_decor_unu_books_manuals":1},"minecraft:mined":{"minecraft:grass_block":868,"minecraft:grass_path":65,"minecraft:grass":6,"minecraft:gravel":5,"minecraft:dirt":1230},"minecraft:custom":{"minecraft:interact_with_anvil":2,"minecraft:play_one_minute":178990,"minecraft:pot_flower":1,"minecraft:leave_game":2,"minecraft:time_since_death":39291,"minecraft:time_since_rest":39339,"minecraft:damage_taken":360,"minecraft:sprint_one_cm":35466,"minecraft:walk_one_cm":383247,"minecraft:drop":44,"minecraft:damage_dealt":20,"minecraft:fly_one_cm":3077715,"minecraft:open_chest":1,"minecraft:crouch_one_cm":12795,"minecraft:deaths":5,"minecraft:sneak_time":12538,"minecraft:walk_under_water_one_cm":74289,"minecraft:jump":627,"minecraft:walk_on_water_one_cm":6301,"minecraft:fall_one_cm":4609},"minecraft:used":{"mts:mtsofficialpack.vulcanair_black":1,"mts:mtsofficialpack.fordmustang69_red":1,"minecraft:birch_planks":145,"minecraft:oak_planks":2,"minecraft:black_carpet":6,"mts:unucivil.unucivil_vehicle_unu_corsair_ford":2,"minecraft:stone":580,"argentinas_delight:bolasfrailehechasbandeja":3,"mts:mts.itembench":2,"argentinas_delight:matedulceitem":2,"minecraft:dirt":2,"minecraft:anvil":2,"lightmanscurrency:terminal":2,"argentinas_delight:mateconyuyos":1,"mts:unuparts.unuparts_part_unu_barrel_jerrycan":8,"minecraft:yellow_concrete":14,"mts:unucivil.unucivil_trailer_unu_baggage_closed_blue":1,"minecraft:painting":5,"mts:unudecor.unuparts_decor_unu_books_generic2":2,"mts:unucivil.unucivil_vehicle_unu_mole_blue":1,"minecraft:flower_pot":1,"minecraft:glass":4,"minecraft:stone_brick_slab":12,"minecraft:dark_oak_planks":79,"lightmanscurrency:atm":2,"minecraft:black_concrete":6,"minecraft:lime_carpet":8,"minecraft:netherite_shovel":2174,"minecraft:bookshelf":3,"minecraft:dark_oak_log":33,"mts:unucivil.unucivil_trailer_unu_cartrailer_ocean":6,"mts:mtsofficialpack.e500_silver":1,"minecraft:lantern":7,"minecraft:grass_block":1,"mts:unudecor.unuparts_decor_unu_books_manuals":1,"mts:unudecor.unuparts_decor_unu_chair_office_charcoal":1,"minecraft:dark_oak_slab":6,"mts:unudecor.unuparts_decor_unu_sofa":3,"minecraft:polished_andesite_slab":1,"minecraft:item_frame":8,"lightmanscurrency:piggy_bank":1,"argentinas_delight:matevacio":4,"mts:mtsofficialpack.ammocrate_bomb_250":2,"cfm:red_sofa":3,"mts:mtsofficialpack.bell47g":1,"minecraft:chain":6,"minecraft:smooth_stone_slab":559,"minecraft:white_concrete":112,"mts:unudecor.unuparts_decor_unu_books_generic1":1,"minecraft:jukebox":1},"minecraft:dropped":{"minecraft:anvil":1,"mts:unuparts.unuparts_part_unu_barrel_jerrycan":1,"minecraft:birch_planks":2,"minecraft:jukebox":1,"minecraft:smooth_stone_slab":2,"mts:unudecor.unuparts_decor_unu_books_manuals":1,"argentinas_delight:bolasfrailehechasbandeja":1,"mts:unuparts.unuparts_part_alex":1,"minecraft:dark_oak_slab":2,"minecraft:oak_planks":1,"minecraft:netherite_shovel":2,"minecraft:grass_block":1,"minecraft:red_carpet":1,"minecraft:item_frame":2,"lightmanscurrency:atm":1,"lightmanscurrency:terminal":1,"mts:mts.wrench":1,"minecraft:dirt":128,"minecraft:stone":5,"mts:unudecor.unuparts_decor_unu_books_generic1":1,"minecraft:flower_pot":1,"mts:unudecor.unuparts_decor_unu_books_generic2":1,"minecraft:light_blue_stained_glass":1,"mts:unucivil.unucivil_trailer_unu_baggage_closed_blue":1,"minecraft:white_concrete":2,"mts:unudecor.unuparts_decor_unu_sofa":1,"minecraft:painting":1,"cfm:red_sofa":3,"minecraft:glass":1,"minecraft:dark_oak_planks":1,"argentinas_delight:matevacio":2}},"DataVersion":2586}