{"stats":{"minecraft:custom":{"minecraft:interact_with_anvil":5,"minecraft:leave_game":2,"minecraft:time_since_death":88282,"minecraft:sprint_one_cm":65533,"minecraft:walk_one_cm":721515,"minecraft:drop":82,"minecraft:deaths":13,"minecraft:sneak_time":18703,"minecraft:walk_under_water_one_cm":79809,"minecraft:jump":1059,"minecraft:walk_on_water_one_cm":21639,"minecraft:play_one_minute":306031,"minecraft:pot_flower":1,"minecraft:time_since_rest":88309,"minecraft:damage_taken":380,"minecraft:damage_dealt":30,"minecraft:fly_one_cm":4299654,"minecraft:open_chest":1,"minecraft:crouch_one_cm":15862,"minecraft:fall_one_cm":7146},"minecraft:broken":{"minecraft:netherite_shovel":1},"minecraft:used":{"cfm:gray_picket_fence":56,"minecraft:black_carpet":6,"minecraft:spruce_planks":13,"minecraft:stone":1174,"mts:mts.itembench":3,"minecraft:dirt":83,"minecraft:anvil":4,"argentinas_delight:mateconyuyos":1,"mts:unucivil.unucivil_vehicle_unu_mole_blue":1,"mts:unucivil.unucivil_boat_unu_dingy":8,"minecraft:glass":8,"minecraft:stone_brick_slab":12,"minecraft:dark_oak_planks":174,"cfm:black_sofa":1,"minecraft:netherite_shovel":5123,"minecraft:bookshelf":8,"mts:mtsofficialpack.e500_silver":1,"minecraft:lantern":8,"minecraft:grass_block":1,"mts:unudecor.unuparts_decor_unu_chair_office_charcoal":2,"minecraft:dark_oak_slab":6,"minecraft:item_frame":8,"lightmanscurrency:piggy_bank":1,"mts:unudecor.unuparts_decor_unu_books_blackthorne":1,"minecraft:netherite_pickaxe":582,"mts:mtsofficialpack.bell47g":1,"cfm:red_sofa":3,"mts:mtsofficialpack.vulcanair_black":1,"mts:mtsofficialpack.fordmustang69_red":1,"minecraft:birch_planks":145,"minecraft:oak_planks":2,"minecraft:blue_wool":62,"cfm:spruce_blinds":4,"mts:unucivil.unucivil_vehicle_unu_corsair_ford":2,"argentinas_delight:bolasfrailehechasbandeja":3,"cfm:stripped_spruce_desk":3,"argentinas_delight:matedulceitem":2,"minecraft:sand":1,"lightmanscurrency:terminal":2,"minecraft:tnt":22,"cfm:stripped_spruce_desk_cabinet":1,"mts:unuparts.unuparts_part_unu_barrel_jerrycan":8,"minecraft:yellow_concrete":109,"mts:unucivil.unucivil_trailer_unu_baggage_closed_blue":1,"minecraft:painting":40,"mts:unudecor.unuparts_decor_unu_books_generic2":2,"minecraft:redstone_torch":18,"lightmanscurrency:atm":2,"minecraft:flower_pot":1,"minecraft:black_concrete":6,"minecraft:dark_oak_log":33,"mts:unucivil.unucivil_trailer_unu_cartrailer_ocean":6,"minecraft:lime_carpet":8,"minecraft:light_gray_concrete":105,"minecraft:stone_button":2,"mts:unudecor.unuparts_decor_unu_books_manuals":1,"mts:unudecor.unuparts_decor_unu_sofa":3,"minecraft:iron_door":1,"minecraft:polished_andesite_slab":1,"minecraft:blue_carpet":2,"argentinas_delight:matevacio":4,"mts:mtsofficialpack.ammocrate_bomb_250":2,"minecraft:chain":6,"minecraft:smooth_stone_slab":1070,"minecraft:white_concrete":138,"mts:unudecor.unuparts_decor_unu_books_generic1":1,"minecraft:jukebox":1},"minecraft:picked_up":{"minecraft:wooden_axe":1,"minecraft:black_carpet":1,"minecraft:azure_bluet":1,"minecraft:anvil":2,"minecraft:flower_pot":2,"mts:unudecor.unuparts_decor_unu_sofa":2,"cfm:red_sofa":4,"lightmanscurrency:piggy_bank":1,"mts:mtsofficialpack.wheelmedium":1,"minecraft:cornflower":5,"minecraft:stone_stairs":1,"minecraft:smooth_stone_slab":5,"minecraft:item_frame":1,"cfm:spruce_blinds":1,"mts:unudecor.unuparts_decor_unu_chair_office_charcoal":2,"mts:unucivil.unucivil_vehicle_unu_mole_blue":1,"minecraft:spruce_planks":1,"minecraft:redstone_torch":9,"minecraft:poppy":9,"mts:mtsofficialpack.seatblack":1,"cfm:stripped_spruce_desk":1,"minecraft:birch_sapling":2,"lightmanscurrency:atm":2,"minecraft:blue_wool":1,"mts:mtsofficialpack.nuts":1,"minecraft:stone":7,"minecraft:porkchop":2,"minecraft:netherite_shovel":2,"minecraft:diorite":15,"mts:unudecor.unuparts_decor_unu_books_generic2":4,"minecraft:blue_carpet":1,"minecraft:dark_oak_planks":2,"minecraft:lime_carpet":3,"minecraft:tropical_fish":2,"argentinas_delight:mateconyuyos":1,"minecraft:bookshelf":1,"minecraft:cobblestone":541,"mts:unudecor.unuparts_decor_unu_books_manuals":2,"minecraft:netherite_boots":1,"argentinas_delight:matedulceitem":1,"cfm:stripped_spruce_desk_cabinet":1,"minecraft:birch_planks":2,"minecraft:dirt":4040,"minecraft:lantern":1,"mts:mts.wrench":1,"minecraft:glass":1,"minecraft:red_carpet":2,"minecraft:kelp":1,"minecraft:wheat_seeds":16,"minecraft:warped_stem":64,"mts:unucivil.unucivil_trailer_unu_baggage_closed_blue":1,"minecraft:oak_planks":1,"mts:unuparts.unuparts_part_alex":2,"mts:unuparts.unuparts_trafficsignal_unu_semaphore_silver":1,"minecraft:dark_oak_slab":2,"minecraft:yellow_concrete":2,"minecraft:dandelion":1,"minecraft:gravel":4,"minecraft:sand":2,"argentinas_delight:bolasfrailehechasbandeja":2,"minecraft:grass_block":1,"minecraft:light_blue_stained_glass":1,"argentinas_delight:mateyerbaseca":1,"minecraft:dark_oak_log":1,"mts:unudecor.unuparts_decor_unu_books_generic1":2,"argentinas_delight:matevacio":4,"minecraft:light_gray_concrete":1,"minecraft:granite":4,"minecraft:painting":6,"cfm:black_sofa":1,"minecraft:white_concrete":5,"mts:mts.itembench":1,"minecraft:coal":24},"minecraft:dropped":{"mts:unuparts.unuparts_part_unu_barrel_jerrycan":1,"minecraft:birch_planks":2,"minecraft:bookshelf":1,"minecraft:yellow_concrete":2,"argentinas_delight:bolasfrailehechasbandeja":1,"minecraft:dark_oak_slab":2,"minecraft:cobblestone":91,"minecraft:lantern":1,"minecraft:grass_block":1,"minecraft:red_carpet":1,"minecraft:item_frame":2,"minecraft:dirt":150,"lightmanscurrency:atm":1,"mts:unudecor.unuparts_decor_unu_books_generic1":1,"cfm:black_sofa":1,"mts:unudecor.unuparts_decor_unu_books_generic2":1,"minecraft:light_blue_stained_glass":1,"minecraft:stone_button":1,"mts:unucivil.unucivil_trailer_unu_baggage_closed_blue":1,"minecraft:wooden_axe":1,"minecraft:white_concrete":4,"cfm:stripped_spruce_desk":1,"minecraft:iron_door":1,"mts:unudecor.unuparts_decor_unu_sofa":1,"minecraft:netherite_boots":1,"minecraft:dark_oak_planks":1,"argentinas_delight:matevacio":2,"cfm:stripped_spruce_desk_cabinet":1,"cfm:gray_picket_fence":1,"minecraft:anvil":2,"minecraft:smooth_stone_slab":3,"minecraft:jukebox":1,"mts:unudecor.unuparts_decor_unu_books_manuals":1,"minecraft:birch_sapling":1,"minecraft:blue_wool":1,"mts:unuparts.unuparts_part_alex":1,"mts:unuparts.unuparts_item_unu_tool_screwdriver":1,"mts:unudecor.unuparts_decor_unu_chair_office_charcoal":1,"minecraft:oak_planks":1,"minecraft:netherite_shovel":2,"minecraft:stone_stairs":1,"minecraft:light_gray_concrete":1,"mts:mts.itembench":1,"lightmanscurrency:terminal":1,"mts:unucivil.unucivil_boat_unu_dingy":1,"mts:mts.wrench":1,"minecraft:stone":8,"mts:unuparts.unuparts_trafficsignal_unu_semaphore_silver":1,"minecraft:flower_pot":1,"minecraft:spruce_planks":1,"minecraft:redstone_torch":5,"minecraft:painting":1,"cfm:red_sofa":3,"minecraft:glass":2,"mts:mtsofficialpack.nuts":1,"cfm:spruce_blinds":1,"mts:unuparts.unuparts_part_unu_gyrophare_red":2},"minecraft:mined":{"minecraft:granite":3,"minecraft:grass_block":2228,"minecraft:andesite":4,"minecraft:stone":538,"minecraft:poppy":1,"minecraft:diorite":12,"minecraft:grass_path":65,"minecraft:grass":11,"minecraft:coal_ore":24,"minecraft:gravel":5,"minecraft:dirt":2816}},"DataVersion":2586}