{"stats":{"minecraft:custom":{"minecraft:interact_with_anvil":5,"minecraft:leave_game":5,"minecraft:time_since_death":50148,"minecraft:sprint_one_cm":87230,"minecraft:walk_one_cm":956479,"minecraft:drop":101,"minecraft:deaths":14,"minecraft:sneak_time":23312,"minecraft:walk_under_water_one_cm":80503,"minecraft:jump":1332,"minecraft:walk_on_water_one_cm":28823,"minecraft:play_one_minute":398138,"minecraft:pot_flower":1,"minecraft:time_since_rest":50226,"minecraft:damage_taken":380,"minecraft:damage_dealt":30,"minecraft:fly_one_cm":5694600,"minecraft:open_chest":1,"minecraft:crouch_one_cm":17022,"minecraft:fall_one_cm":9503},"minecraft:dropped":{"mts:unuparts.unuparts_part_unu_barrel_jerrycan":1,"minecraft:birch_planks":2,"minecraft:tnt":1,"minecraft:bookshelf":2,"minecraft:yellow_concrete":2,"argentinas_delight:bolasfrailehechasbandeja":1,"minecraft:dark_oak_slab":2,"minecraft:cobblestone":91,"minecraft:lantern":1,"minecraft:granite":4,"minecraft:grass_block":1,"mts:mtsofficialpack.wheelmedium":1,"minecraft:red_carpet":1,"minecraft:item_frame":2,"mts:mtsofficialpack.enginefordfe428":1,"minecraft:dirt":278,"lightmanscurrency:atm":1,"mts:unudecor.unuparts_decor_unu_books_generic1":1,"mts:unudecor.unuparts_decor_unu_books_generic2":1,"cfm:black_sofa":1,"minecraft:light_blue_stained_glass":1,"minecraft:stone_button":1,"mts:unucivil.unucivil_trailer_unu_baggage_closed_blue":1,"minecraft:wooden_axe":2,"minecraft:white_concrete":5,"minecraft:netherite_boots":1,"cfm:stripped_spruce_desk":1,"mts:unudecor.unuparts_decor_unu_sofa":1,"minecraft:iron_door":1,"minecraft:dark_oak_planks":1,"argentinas_delight:matevacio":2,"cfm:stripped_spruce_desk_cabinet":1,"cfm:gray_picket_fence":1,"minecraft:anvil":2,"minecraft:smooth_stone_slab":4,"minecraft:jukebox":1,"mts:unudecor.unuparts_decor_unu_books_manuals":1,"minecraft:birch_sapling":1,"mts:mtsofficialpack.seatblack":1,"minecraft:blue_wool":1,"mts:unuparts.unuparts_part_alex":1,"mts:unuparts.unuparts_item_unu_tool_screwdriver":1,"mts:unudecor.unuparts_decor_unu_chair_office_charcoal":1,"minecraft:oak_planks":1,"minecraft:netherite_shovel":4,"minecraft:stone_stairs":1,"minecraft:light_gray_concrete":1,"mts:mts.itembench":1,"minecraft:poppy":8,"mts:unucivil.unucivil_boat_unu_dingy":1,"mts:mts.wrench":1,"lightmanscurrency:terminal":1,"minecraft:stone":8,"minecraft:flower_pot":1,"mts:unuparts.unuparts_trafficsignal_unu_semaphore_silver":1,"minecraft:spruce_planks":1,"minecraft:redstone_torch":7,"minecraft:painting":1,"cfm:red_sofa":3,"minecraft:glass":2,"mts:mtsofficialpack.nuts":1,"cfm:spruce_blinds":1,"mts:unuparts.unuparts_part_unu_gyrophare_red":2},"minecraft:used":{"cfm:gray_picket_fence":75,"minecraft:black_carpet":6,"minecraft:spruce_planks":13,"minecraft:white_terracotta":233,"minecraft:stone":1322,"mts:mts.itembench":3,"minecraft:dirt":222,"minecraft:anvil":4,"argentinas_delight:mateconyuyos":1,"mts:unucivil.unucivil_vehicle_unu_mole_blue":1,"mts:unucivil.unucivil_boat_unu_dingy":8,"minecraft:glass":8,"minecraft:dark_oak_planks":174,"minecraft:stone_brick_slab":12,"cfm:black_sofa":1,"minecraft:netherite_shovel":7219,"minecraft:bookshelf":8,"minecraft:lantern":8,"mts:mtsofficialpack.e500_silver":1,"minecraft:grass_block":80,"minecraft:quartz_block":111,"mts:unudecor.unuparts_decor_unu_chair_office_charcoal":2,"minecraft:dark_oak_wood":31,"minecraft:dark_oak_slab":6,"minecraft:item_frame":8,"lightmanscurrency:piggy_bank":1,"mts:unudecor.unuparts_decor_unu_books_blackthorne":1,"cfm:red_sofa":3,"mts:mtsofficialpack.bell47g":1,"minecraft:netherite_pickaxe":582,"mts:mtsofficialpack.vulcanair_black":1,"mts:mtsofficialpack.fordmustang69_red":2,"minecraft:birch_planks":145,"minecraft:oak_planks":2,"minecraft:blue_wool":91,"cfm:spruce_blinds":4,"mts:unucivil.unucivil_vehicle_unu_corsair_ford":2,"argentinas_delight:bolasfrailehechasbandeja":3,"cfm:stripped_spruce_desk":3,"minecraft:pink_concrete":23,"argentinas_delight:matedulceitem":2,"minecraft:sand":1,"minecraft:tnt":84,"lightmanscurrency:terminal":2,"cfm:stripped_spruce_desk_cabinet":1,"mts:unuparts.unuparts_part_unu_barrel_jerrycan":8,"minecraft:yellow_concrete":111,"mts:unucivil.unucivil_trailer_unu_baggage_closed_blue":1,"minecraft:gray_concrete":133,"minecraft:painting":40,"mts:unudecor.unuparts_decor_unu_books_generic2":2,"minecraft:redstone_torch":38,"lightmanscurrency:atm":2,"minecraft:flower_pot":1,"minecraft:black_concrete":6,"minecraft:dark_oak_log":33,"minecraft:lime_carpet":8,"mts:unucivil.unucivil_trailer_unu_cartrailer_ocean":6,"minecraft:light_gray_concrete":105,"minecraft:stone_button":2,"mts:unudecor.unuparts_decor_unu_books_manuals":1,"mts:unudecor.unuparts_decor_unu_sofa":3,"minecraft:iron_door":1,"minecraft:polished_andesite_slab":1,"minecraft:blue_carpet":2,"argentinas_delight:matevacio":4,"mts:mtsofficialpack.ammocrate_bomb_250":2,"minecraft:chain":6,"minecraft:smooth_stone_slab":1357,"minecraft:white_concrete":252,"mts:unudecor.unuparts_decor_unu_books_generic1":1,"minecraft:jukebox":1},"minecraft:broken":{"minecraft:netherite_shovel":1},"minecraft:mined":{"minecraft:granite":3,"minecraft:grass_block":3180,"minecraft:andesite":4,"minecraft:stone":538,"minecraft:dandelion":1,"minecraft:poppy":1,"minecraft:diorite":12,"minecraft:grass_path":65,"minecraft:grass":16,"minecraft:coal_ore":24,"minecraft:gravel":10,"minecraft:dirt":3949},"minecraft:picked_up":{"minecraft:wooden_axe":1,"minecraft:black_carpet":1,"minecraft:azure_bluet":1,"minecraft:flower_pot":2,"minecraft:anvil":2,"mts:unudecor.unuparts_decor_unu_sofa":2,"cfm:red_sofa":4,"lightmanscurrency:piggy_bank":1,"mts:mtsofficialpack.wheelmedium":3,"minecraft:cornflower":5,"minecraft:stone_stairs":1,"minecraft:smooth_stone_slab":5,"minecraft:item_frame":1,"cfm:spruce_blinds":1,"mts:unudecor.unuparts_decor_unu_chair_office_charcoal":2,"mts:unucivil.unucivil_vehicle_unu_mole_blue":1,"minecraft:spruce_planks":1,"minecraft:redstone_torch":14,"minecraft:poppy":13,"mts:mtsofficialpack.seatblack":2,"cfm:stripped_spruce_desk":1,"minecraft:birch_sapling":2,"lightmanscurrency:atm":2,"minecraft:blue_wool":1,"mts:mtsofficialpack.nuts":1,"minecraft:stone":7,"minecraft:porkchop":2,"minecraft:netherite_shovel":5,"minecraft:diorite":15,"mts:unudecor.unuparts_decor_unu_books_generic2":4,"minecraft:blue_carpet":1,"minecraft:dark_oak_planks":2,"minecraft:lime_carpet":3,"minecraft:tropical_fish":2,"argentinas_delight:mateconyuyos":1,"minecraft:bookshelf":2,"minecraft:cobblestone":541,"cfm:gray_picket_fence":9,"mts:unudecor.unuparts_decor_unu_books_manuals":2,"minecraft:netherite_boots":1,"argentinas_delight:matedulceitem":1,"cfm:stripped_spruce_desk_cabinet":1,"minecraft:birch_planks":2,"minecraft:oak_log":2,"minecraft:dirt":5295,"minecraft:lantern":1,"mts:mts.wrench":1,"minecraft:red_carpet":2,"minecraft:glass":1,"minecraft:kelp":1,"minecraft:wheat_seeds":17,"minecraft:warped_stem":64,"mts:unucivil.unucivil_trailer_unu_baggage_closed_blue":1,"minecraft:oak_planks":1,"mts:unuparts.unuparts_part_alex":2,"minecraft:dark_oak_slab":2,"minecraft:pink_concrete":1,"mts:unuparts.unuparts_trafficsignal_unu_semaphore_silver":2,"minecraft:yellow_concrete":5,"minecraft:dandelion":8,"minecraft:gravel":4,"minecraft:sand":2,"argentinas_delight:bolasfrailehechasbandeja":2,"minecraft:grass_block":1,"minecraft:light_blue_stained_glass":1,"argentinas_delight:mateyerbaseca":1,"minecraft:dark_oak_log":1,"argentinas_delight:matevacio":4,"mts:unudecor.unuparts_decor_unu_books_generic1":2,"minecraft:light_gray_concrete":2,"minecraft:granite":8,"minecraft:painting":6,"minecraft:birch_sign":2,"cfm:black_sofa":1,"minecraft:white_concrete":16,"mts:mts.itembench":1,"minecraft:coal":24}},"DataVersion":2586}