{"stats":{"minecraft:used":{"mts:mtsofficialpack.vulcanair_black":1,"minecraft:stone_brick_slab":12,"minecraft:black_concrete":6,"minecraft:netherite_shovel":2174,"mts:unucivil.unucivil_trailer_unu_cartrailer_ocean":6,"mts:mtsofficialpack.fordmustang69_red":1,"mts:mtsofficialpack.e500_silver":1,"minecraft:oak_planks":2,"mts:unucivil.unucivil_vehicle_unu_corsair_ford":2,"minecraft:stone":580,"minecraft:polished_andesite_slab":1,"argentinas_delight:matedulceitem":1,"minecraft:dirt":2,"minecraft:anvil":2,"argentinas_delight:matevacio":1,"argentinas_delight:mateconyuyos":1,"mts:mtsofficialpack.ammocrate_bomb_250":2,"mts:unuparts.unuparts_part_unu_barrel_jerrycan":8,"mts:unucivil.unucivil_trailer_unu_baggage_closed_blue":1,"mts:mtsofficialpack.bell47g":1,"minecraft:yellow_concrete":14,"minecraft:smooth_stone_slab":488,"minecraft:white_concrete":65,"mts:unucivil.unucivil_vehicle_unu_mole_blue":1},"minecraft:picked_up":{"minecraft:stone":3,"minecraft:azure_bluet":1,"minecraft:dandelion":1,"minecraft:gravel":4,"minecraft:porkchop":2,"minecraft:netherite_shovel":2,"minecraft:diorite":3,"minecraft:grass_block":1,"mts:mtsofficialpack.wheelmedium":1,"minecraft:cornflower":5,"minecraft:dirt":2153,"mts:mts.wrench":1,"minecraft:smooth_stone_slab":2,"mts:unucivil.unucivil_vehicle_unu_mole_blue":1,"minecraft:kelp":1,"minecraft:wheat_seeds":16,"minecraft:warped_stem":64,"argentinas_delight:mateconyuyos":1,"mts:unucivil.unucivil_trailer_unu_baggage_closed_blue":1,"minecraft:white_concrete":1,"minecraft:poppy":2,"mts:mtsofficialpack.seatblack":1,"minecraft:oak_planks":1,"minecraft:cobblestone":2},"minecraft:custom":{"minecraft:time_since_rest":53340,"minecraft:sprint_one_cm":24169,"minecraft:damage_taken":360,"minecraft:walk_one_cm":285554,"minecraft:interact_with_anvil":2,"minecraft:drop":15,"minecraft:damage_dealt":20,"minecraft:fly_one_cm":2618731,"minecraft:open_chest":1,"minecraft:crouch_one_cm":11612,"minecraft:play_one_minute":125309,"minecraft:deaths":4,"minecraft:sneak_time":10800,"minecraft:walk_under_water_one_cm":74164,"minecraft:jump":506,"minecraft:leave_game":2,"minecraft:walk_on_water_one_cm":4266,"minecraft:time_since_death":53313,"minecraft:fall_one_cm":4609},"minecraft:dropped":{"mts:mts.wrench":1,"minecraft:dirt":128,"minecraft:stone":4,"mts:unuparts.unuparts_part_unu_barrel_jerrycan":1,"mts:unucivil.unucivil_trailer_unu_baggage_closed_blue":1,"minecraft:smooth_stone_slab":2,"minecraft:white_concrete":1,"minecraft:oak_planks":1,"minecraft:netherite_shovel":2},"minecraft:mined":{"minecraft:grass_path":65,"minecraft:grass":6,"minecraft:grass_block":868,"minecraft:gravel":5,"minecraft:dirt":1230}},"DataVersion":2586}