{"stats":{"minecraft:picked_up":{"minecraft:wooden_axe":2,"minecraft:stripped_oak_log":6,"minecraft:birch_log":1,"minecraft:bee_nest":1,"mts:mtsofficialpack.sign_route":1,"minecraft:azure_bluet":1,"minecraft:ladder":3,"minecraft:crimson_stem":64,"mts:mtsofficialpack.pole_streetlight":6,"minecraft:birch_planks":4,"mts:unuparts.unuparts_part_unu_barrel_jerrycan":1,"minecraft:cornflower":3,"minecraft:dirt":824,"mts:mtsofficialpack.sign_speedlimit":4,"minecraft:smooth_stone_slab":2,"mts:mts.handbook_plane":1,"minecraft:apple":3,"minecraft:wheat_seeds":45,"minecraft:beef":3,"mts:unuparts.unuparts_part_unu_wheel_standard":2,"minecraft:poppy":4,"mts:unuparts.unuparts_part_unu_wheel_truck_dayton":8,"mts:mtsofficialpack.sign_deadend":1,"mts:ivairlinerpack.i6":1,"mts:unuparts.unuparts_part_unu_seat_truck":3,"minecraft:stick":9,"minecraft:stone":2,"minecraft:oak_door":6,"mts:unucivil.unucivil_vehicle_unu_mastodon_bus_seaweed":1,"minecraft:torch":6,"minecraft:dandelion":7,"mts:unuparts.unuparts_part_unu_hubcap_standard_dish":1,"minecraft:gravel":5,"minecraft:diorite":8,"minecraft:grass_block":3,"minecraft:green_carpet":2,"mts:unuparts.unuparts_bodypart_unu_truckbed_stakeside_wood":3,"mts:unuparts.unuparts_part_unu_wheel_truck_budd":16,"mts:mtsofficialpack.sign_stop":1,"mts:unuparts.unuparts_part_unu_seat_budget_saddle":6,"argentinas_delight:mateconyuyos":2,"minecraft:granite":15,"minecraft:white_concrete":5,"minecraft:oak_sapling":12,"mts:unuparts.unuparts_part_unu_mudflap_standard":1,"argentinas_delight:choripan":1,"mts:unuparts.unuparts_part_unu_radioaddon_cb":1,"minecraft:coal":8,"minecraft:cobblestone":1166,"minecraft:oxeye_daisy":2},"minecraft:mined":{"minecraft:grass_block":170,"minecraft:tall_grass":1,"minecraft:birch_log":1,"minecraft:birch_leaves":2,"minecraft:grass_path":72,"minecraft:grass":9,"minecraft:dirt":144},"minecraft:custom":{"minecraft:interact_with_anvil":2,"minecraft:play_one_minute":219309,"minecraft:leave_game":3,"minecraft:time_since_death":48867,"minecraft:climb_one_cm":68,"minecraft:time_since_rest":48901,"minecraft:damage_taken":20,"minecraft:sprint_one_cm":96488,"minecraft:walk_one_cm":555618,"minecraft:drop":135,"minecraft:damage_dealt":485,"minecraft:fly_one_cm":2231916,"minecraft:crouch_one_cm":1325,"minecraft:deaths":6,"minecraft:sneak_time":4185,"minecraft:walk_under_water_one_cm":10230,"minecraft:jump":896,"minecraft:walk_on_water_one_cm":5749,"minecraft:fall_one_cm":3448},"minecraft:crafted":{"minecraft:birch_planks":4},"minecraft:used":{"mts:mtsofficialpack.crashbarrier":16,"minecraft:mossy_stone_bricks":1,"minecraft:iron_bars":7,"minecraft:diorite":4,"minecraft:enchanting_table":1,"argentinas_delight:polloconpapas":2,"minecraft:oak_sign":1,"minecraft:stone":323,"minecraft:warped_sign":1,"minecraft:quartz_stairs":32,"minecraft:cobblestone_slab":4,"argentinas_delight:terere":1,"minecraft:smooth_quartz_stairs":1,"mts:mtsofficialpack.trafficcone":5,"argentinas_delight:matedeleche":1,"argentinas_delight:matedulceitem":1,"minecraft:dirt":267,"minecraft:anvil":1,"minecraft:yellow_terracotta":2,"mts:unuparts.unuparts_decor_unu_cutout_derrick":10,"argentinas_delight:mateconyuyos":2,"argentinas_delight:teresandiaitem":1,"mts:unuparts.unuparts_part_unu_barrel_jerrycan":10,"minecraft:stone_stairs":100,"minecraft:yellow_concrete":172,"minecraft:chiseled_quartz_block":5,"minecraft:smooth_red_sandstone_stairs":3,"argentinas_delight:cabezadechancho_1":2,"minecraft:oak_log":12,"mts:unucivil.unucivil_vehicle_unu_mastodon_bus_seaweed":1,"argentinas_delight:yerbabolsa":1,"minecraft:black_concrete":3,"cfm:light_gray_picket_fence":4,"minecraft:netherite_shovel":396,"mts:mts.vehiclebench":2,"mts:ivairlinerpack.cateringtruck_servisair":1,"minecraft:grass_block":69,"mts:unucivil.unucivil_vehicle_unu_corsairpolice_1":1,"mts:unudecor.unuparts_decor_unu_toilet_wood":1,"minecraft:gravel":2,"minecraft:polished_andesite_slab":7,"minecraft:crimson_sign":1,"mts:mtsofficialpack.pole_core":70,"minecraft:bedrock":23,"mts:unucivil.unucivil_vehicle_unu_barista_apple":3,"minecraft:cobblestone":38,"mts:mtsofficialpack.fordmustang69_yellow":1,"minecraft:andesite":8,"minecraft:smooth_stone_slab":182,"minecraft:white_concrete":266,"mts:unudecor.unuparts_decor_unu_verticalbarrier":3,"mts:mtsofficialpack.sign_speedlimit":1,"mts:unucivil.unucivil_vehicle_unu_tradesman_van_ivory":1},"minecraft:dropped":{"mts:unuparts.unuparts_part_unu_seat_budget_saddle":2,"minecraft:crimson_stem":64,"mts:unuparts.unuparts_part_unu_seat_truck":1,"minecraft:wheat_seeds":16,"minecraft:cobblestone":77,"mts:mts.handbook_plane":1,"minecraft:stripped_oak_log":2,"minecraft:granite":5,"minecraft:bedrock":1,"minecraft:azure_bluet":1,"minecraft:grass_block":2,"minecraft:oxeye_daisy":2,"mts:unuparts.unuparts_part_unu_wheel_truck_budd":4,"minecraft:poppy":1,"minecraft:dirt":168,"argentinas_delight:mateconyuyos":4,"argentinas_delight:choripan":1,"minecraft:white_concrete":1,"minecraft:beef":3,"mts:unuparts.unuparts_bodypart_unu_truckbed_stakeside_wood":1,"argentinas_delight:teredemanza":1,"minecraft:dandelion":1}},"DataVersion":2586}