{"stats":{"minecraft:picked_up":{"minecraft:stripped_oak_log":2,"minecraft:birch_log":1,"minecraft:bee_nest":1,"minecraft:azure_bluet":1,"minecraft:crimson_stem":64,"minecraft:birch_planks":4,"mts:unuparts.unuparts_part_unu_barrel_jerrycan":1,"minecraft:cornflower":3,"minecraft:dirt":568,"mts:mts.handbook_plane":1,"minecraft:apple":3,"minecraft:wheat_seeds":31,"minecraft:beef":3,"mts:unuparts.unuparts_part_unu_wheel_standard":1,"minecraft:poppy":2,"mts:unuparts.unuparts_part_unu_wheel_truck_dayton":6,"mts:ivairlinerpack.i6":1,"mts:unuparts.unuparts_part_unu_seat_truck":1,"minecraft:stick":9,"minecraft:stone":1,"minecraft:oak_door":1,"mts:unucivil.unucivil_vehicle_unu_mastodon_bus_seaweed":1,"minecraft:torch":1,"minecraft:dandelion":7,"mts:unuparts.unuparts_part_unu_hubcap_standard_dish":1,"minecraft:gravel":5,"minecraft:diorite":8,"mts:unuparts.unuparts_bodypart_unu_truckbed_stakeside_wood":1,"mts:unuparts.unuparts_part_unu_wheel_truck_budd":6,"mts:unuparts.unuparts_part_unu_seat_budget_saddle":2,"argentinas_delight:mateconyuyos":2,"minecraft:granite":5,"minecraft:white_concrete":3,"minecraft:oak_sapling":12,"mts:unuparts.unuparts_part_unu_mudflap_standard":1,"argentinas_delight:choripan":1,"mts:unuparts.unuparts_part_unu_radioaddon_cb":1,"minecraft:coal":8,"minecraft:oxeye_daisy":2,"minecraft:cobblestone":470},"minecraft:mined":{"minecraft:grass_block":170,"minecraft:tall_grass":1,"minecraft:birch_log":1,"minecraft:birch_leaves":2,"minecraft:grass_path":72,"minecraft:grass":9,"minecraft:dirt":144},"minecraft:custom":{"minecraft:interact_with_anvil":2,"minecraft:play_one_minute":141714,"minecraft:leave_game":2,"minecraft:time_since_death":107823,"minecraft:climb_one_cm":68,"minecraft:time_since_rest":107851,"minecraft:walk_one_cm":376316,"minecraft:sprint_one_cm":79190,"minecraft:damage_taken":20,"minecraft:drop":112,"minecraft:damage_dealt":485,"minecraft:fly_one_cm":1701394,"minecraft:crouch_one_cm":839,"minecraft:deaths":3,"minecraft:sneak_time":3153,"minecraft:walk_under_water_one_cm":1368,"minecraft:jump":693,"minecraft:walk_on_water_one_cm":4605,"minecraft:fall_one_cm":3448},"minecraft:crafted":{"minecraft:birch_planks":4},"minecraft:used":{"minecraft:enchanting_table":1,"argentinas_delight:polloconpapas":2,"minecraft:oak_sign":1,"minecraft:stone":227,"minecraft:warped_sign":1,"minecraft:cobblestone_slab":4,"argentinas_delight:terere":1,"argentinas_delight:matedeleche":1,"argentinas_delight:matedulceitem":1,"minecraft:dirt":267,"minecraft:anvil":1,"minecraft:yellow_terracotta":2,"mts:unuparts.unuparts_decor_unu_cutout_derrick":10,"argentinas_delight:mateconyuyos":2,"argentinas_delight:teresandiaitem":1,"mts:unuparts.unuparts_part_unu_barrel_jerrycan":10,"minecraft:yellow_concrete":127,"minecraft:chiseled_quartz_block":5,"argentinas_delight:cabezadechancho_1":2,"argentinas_delight:yerbabolsa":1,"mts:unucivil.unucivil_vehicle_unu_mastodon_bus_seaweed":1,"minecraft:black_concrete":3,"cfm:light_gray_picket_fence":4,"minecraft:netherite_shovel":396,"mts:ivairlinerpack.cateringtruck_servisair":1,"mts:mts.vehiclebench":2,"minecraft:grass_block":57,"mts:unucivil.unucivil_vehicle_unu_corsairpolice_1":1,"mts:unudecor.unuparts_decor_unu_toilet_wood":1,"minecraft:polished_andesite_slab":7,"minecraft:bedrock":23,"mts:unucivil.unucivil_vehicle_unu_barista_apple":1,"minecraft:cobblestone":33,"minecraft:smooth_stone_slab":92,"minecraft:white_concrete":124,"mts:unucivil.unucivil_vehicle_unu_tradesman_van_ivory":1},"minecraft:dropped":{"minecraft:crimson_stem":64,"minecraft:wheat_seeds":16,"minecraft:cobblestone":2,"mts:mts.handbook_plane":1,"minecraft:bedrock":1,"minecraft:azure_bluet":1,"minecraft:grass_block":1,"minecraft:oxeye_daisy":2,"argentinas_delight:mateconyuyos":4,"minecraft:dirt":40,"argentinas_delight:choripan":1,"minecraft:beef":3,"argentinas_delight:teredemanza":1,"minecraft:dandelion":1}},"DataVersion":2586}