{"stats":{"minecraft:picked_up":{"minecraft:birch_log":3,"mts:mtsofficialpack.pole_streetlight":1,"mts:ivairlinerpack.737-300_united":1,"minecraft:dandelion":2,"minecraft:gravel":2,"mts:ivairlinerpack.a220seat":1,"minecraft:oak_log":1,"argentinas_delight:teredemanza":1,"minecraft:diorite":15,"minecraft:white_bed":2,"minecraft:spruce_log":3,"minecraft:dirt":144,"mts:mtsofficialpack.pole_trafficsignal":3,"mts:mtsofficialpack.fordmustang69_black":1,"minecraft:wheat_seeds":3,"argentinas_delight:mateconyuyos":1,"mts:ivairlinerpack.truckwheel":1,"mts:mtsofficialpack.sign_donotenter":1,"minecraft:iron_ingot":4,"minecraft:granite":13,"minecraft:white_concrete":2,"minecraft:poppy":3,"mts:unucivil.unucivil_vehicle_unu_mammoth_sedan_silver":1,"minecraft:coal":5,"minecraft:cobblestone":206},"minecraft:custom":{"minecraft:time_since_rest":8048,"minecraft:sprint_one_cm":12036,"minecraft:damage_taken":280,"minecraft:walk_one_cm":84051,"minecraft:mob_kills":1,"minecraft:drop":1,"minecraft:damage_dealt":478,"minecraft:swim_one_cm":1384,"minecraft:fly_one_cm":3477422,"minecraft:player_kills":2,"minecraft:crouch_one_cm":9076,"minecraft:play_one_minute":155921,"minecraft:deaths":5,"minecraft:sneak_time":12719,"minecraft:walk_under_water_one_cm":2569,"minecraft:jump":244,"minecraft:leave_game":5,"minecraft:walk_on_water_one_cm":2026,"minecraft:time_since_death":8020},"minecraft:used":{"minecraft:oak_fence":1,"argentinas_delight:yerbabolsa":5,"cfm:oak_crate":1,"mts:unucivil.unucivil_vehicle_unu_turtle_base_ivory":1,"minecraft:bricks":161,"minecraft:spruce_door":2,"mts:ivairlinerpack.737-300_ukraineinternational":1,"minecraft:grass_block":30,"minecraft:dark_oak_sign":1,"mts:ivairlinerpack.crj-200_united":2,"minecraft:oak_sign":1,"minecraft:netherite_axe":7,"mts:unucivil.unucivil_plane_unu_aurornis_spaghetti":1,"minecraft:stone":100,"mts:unucivil.unucivil_vehicle_unu_mammoth_sedan_silver":1,"argentinas_delight:pava":4,"minecraft:quartz_stairs":7,"mts:unucivil.unucivil_vehicle_unu_barista_seaweed":1,"mts:ivairlinerpack.q400_westjet":2,"mts:ivairlinerpack.737-300_united":5,"cfm:rock_path":11,"mts:ivairlinerpack.737-300_delta":1,"mts:mtsofficialpack.pole_core":18,"minecraft:bedrock":29,"minecraft:dirt":30,"minecraft:oak_slab":1,"minecraft:iron_trapdoor":33,"minecraft:infested_cracked_stone_bricks":133,"argentinas_delight:mateconyuyos":1,"minecraft:stripped_oak_log":1,"minecraft:campfire":18,"minecraft:yellow_concrete":19,"minecraft:stone_stairs":1,"minecraft:smooth_stone_slab":77,"minecraft:chiseled_quartz_block":157,"mts:unucivil.unucivil_vehicle_unu_solenodon_base_ford":1,"minecraft:white_concrete":188,"argentinas_delight:teredemanza":1,"minecraft:fern":19,"mts:mtsofficialpack.fordmustang69_black":1},"minecraft:dropped":{"minecraft:cobblestone":1},"minecraft:killed":{"minecraft:chicken":1}},"DataVersion":2586}