{"stats":{"minecraft:killed":{"minecraft:chicken":1},"minecraft:used":{"mts:unucivil.unucivil_vehicle_unu_turtle_base_ivory":1,"minecraft:grass_block":2,"mts:ivairlinerpack.crj-200_united":2,"minecraft:netherite_axe":7,"mts:unucivil.unucivil_plane_unu_aurornis_spaghetti":1,"minecraft:stone":98,"mts:unucivil.unucivil_vehicle_unu_mammoth_sedan_silver":1,"minecraft:quartz_stairs":5,"mts:ivairlinerpack.q400_westjet":2,"mts:ivairlinerpack.737-300_united":5,"mts:ivairlinerpack.737-300_delta":1,"minecraft:bedrock":29,"minecraft:dirt":12,"argentinas_delight:mateconyuyos":1,"minecraft:yellow_concrete":19,"minecraft:smooth_stone_slab":77,"minecraft:chiseled_quartz_block":109,"mts:unucivil.unucivil_vehicle_unu_solenodon_base_ford":1,"minecraft:white_concrete":188,"argentinas_delight:teredemanza":1,"mts:mtsofficialpack.fordmustang69_black":1},"minecraft:picked_up":{"minecraft:birch_log":3,"mts:ivairlinerpack.737-300_united":1,"minecraft:dandelion":2,"minecraft:gravel":2,"mts:ivairlinerpack.a220seat":1,"minecraft:oak_log":1,"argentinas_delight:teredemanza":1,"minecraft:diorite":15,"minecraft:white_bed":2,"minecraft:spruce_log":3,"minecraft:dirt":144,"mts:mtsofficialpack.fordmustang69_black":1,"minecraft:wheat_seeds":3,"argentinas_delight:mateconyuyos":1,"mts:ivairlinerpack.truckwheel":1,"minecraft:iron_ingot":4,"minecraft:granite":13,"minecraft:white_concrete":2,"minecraft:poppy":3,"mts:unucivil.unucivil_vehicle_unu_mammoth_sedan_silver":1,"minecraft:coal":5,"minecraft:cobblestone":206},"minecraft:custom":{"minecraft:time_since_rest":39375,"minecraft:sprint_one_cm":5861,"minecraft:damage_taken":280,"minecraft:walk_one_cm":61154,"minecraft:mob_kills":1,"minecraft:drop":1,"minecraft:damage_dealt":478,"minecraft:swim_one_cm":1384,"minecraft:fly_one_cm":3011891,"minecraft:player_kills":2,"minecraft:crouch_one_cm":4053,"minecraft:play_one_minute":115387,"minecraft:deaths":4,"minecraft:sneak_time":10018,"minecraft:walk_under_water_one_cm":2569,"minecraft:jump":189,"minecraft:leave_game":3,"minecraft:walk_on_water_one_cm":2026,"minecraft:time_since_death":39341},"minecraft:dropped":{"minecraft:cobblestone":1}},"DataVersion":2586}