{"stats":{"minecraft:killed":{"minecraft:chicken":1},"minecraft:dropped":{"minecraft:cobblestone":1,"minecraft:ladder":1},"minecraft:custom":{"minecraft:mob_kills":1,"minecraft:play_one_minute":528514,"minecraft:pot_flower":2,"minecraft:leave_game":12,"minecraft:time_since_death":11083,"minecraft:climb_one_cm":4590,"minecraft:time_since_rest":11110,"minecraft:sprint_one_cm":180016,"minecraft:walk_one_cm":395867,"minecraft:damage_taken":280,"minecraft:drop":2,"minecraft:damage_dealt":478,"minecraft:interact_with_beacon":1,"minecraft:swim_one_cm":2564,"minecraft:player_kills":2,"minecraft:fly_one_cm":9426047,"minecraft:crouch_one_cm":38277,"minecraft:deaths":10,"minecraft:sneak_time":39817,"minecraft:walk_under_water_one_cm":32075,"minecraft:aviate_one_cm":1069270,"minecraft:jump":1023,"minecraft:walk_on_water_one_cm":29428},"minecraft:used":{"minecraft:quartz_bricks":27,"minecraft:oak_fence":3,"minecraft:dark_oak_stairs":19,"cfm:post_box":6,"mts:unucivil.unucivil_vehicle_unu_turtle_base_ivory":1,"minecraft:spruce_door":2,"minecraft:flint_and_steel":7,"minecraft:birch_planks":25,"cfm:dark_oak_bedside_cabinet":4,"cfm:stripped_dark_oak_blinds":3,"mts:ivairlinerpack.737-300_ukraineinternational":1,"mts:unucivil.unucivil_vehicle_unu_scarab_cactus":1,"minecraft:dark_oak_sign":2,"minecraft:pufferfish_spawn_egg":69,"minecraft:ladder":19,"minecraft:oak_sign":7,"cfm:stripped_birch_upgraded_fence":49,"minecraft:stone":330,"cfm:stripped_dark_oak_desk_cabinet":4,"minecraft:redstone_block":80,"minecraft:beacon":1,"argentinas_delight:pava":4,"mts:mtsofficialpack.bell47g_olive":1,"minecraft:quartz_stairs":29,"mts:ivairlinerpack.737-300_united":5,"minecraft:dried_kelp_block":2,"cfm:rock_path":13,"minecraft:dirt":121,"minecraft:sand":2,"cfm:dark_oak_upgraded_gate":2,"minecraft:oak_slab":1,"minecraft:tnt":27,"argentinas_delight:mateconyuyos":1,"minecraft:red_bed":2,"minecraft:birch_sign":7,"minecraft:white_bed":6,"minecraft:yellow_concrete":25,"minecraft:stone_stairs":11,"minecraft:painting":1,"minecraft:campfire":19,"minecraft:chiseled_quartz_block":157,"mts:ivairlinerpack.crj-200_skywest":1,"mts:unucivil.unucivil_vehicle_unu_solenodon_base_ford":1,"minecraft:gray_concrete":41,"minecraft:spruce_log":30,"minecraft:fern":19,"cfm:dark_oak_upgraded_fence":9,"minecraft:dark_oak_planks":71,"argentinas_delight:yerbabolsa":5,"minecraft:flower_pot":2,"cfm:oak_crate":1,"minecraft:bricks":161,"minecraft:quartz_pillar":14,"minecraft:dark_oak_log":5,"minecraft:black_stained_glass_pane":40,"minecraft:lantern":35,"minecraft:grass_block":690,"mts:ivairlinerpack.dc-3_swiss":1,"mts:ivairlinerpack.crj-200_united":5,"mts:ivairlinerpack.737-300_british":1,"minecraft:netherite_axe":7,"minecraft:quartz_block":1012,"mts:ivairlinerpack.727-100_american":2,"minecraft:dark_oak_slab":11,"mts:unucivil.unucivil_plane_unu_aurornis_spaghetti":4,"minecraft:smooth_quartz":177,"minecraft:dark_oak_wood":118,"mts:unucivil.unucivil_vehicle_unu_mammoth_sedan_silver":1,"minecraft:tropical_fish_spawn_egg":32,"mts:unucivil.unucivil_vehicle_unu_barista_seaweed":1,"mts:ivairlinerpack.q400_westjet":3,"mts:mtsofficialpack.pole_core":26,"minecraft:bedrock":29,"minecraft:item_frame":8,"mts:ivairlinerpack.737-300_delta":4,"mts:ivairlinerpack.airstairs":1,"minecraft:cod_spawn_egg":68,"minecraft:snow":23,"minecraft:black_stained_glass":18,"minecraft:pufferfish_bucket":1,"minecraft:infested_cracked_stone_bricks":133,"minecraft:iron_trapdoor":33,"minecraft:salmon_spawn_egg":1,"minecraft:glass_pane":22,"minecraft:birch_log":36,"minecraft:chain":19,"minecraft:smooth_stone_slab":131,"minecraft:stripped_oak_log":1,"minecraft:white_concrete":251,"cfm:dark_oak_hedge":9,"mts:ivairlinerpack.dc-3_klm":1,"minecraft:smooth_stone":1,"minecraft:bone_meal":30,"argentinas_delight:teredemanza":1,"minecraft:splash_potion":15,"mts:mtsofficialpack.fordmustang69_black":1,"mts:ivairlinerpack.dc-8-61_saudia":1},"minecraft:picked_up":{"minecraft:birch_log":3,"minecraft:ladder":1,"minecraft:andesite":28,"minecraft:jungle_log":1,"mts:mtsofficialpack.pole_streetlight":1,"mts:mtsofficialpack.brigbedtransport":1,"minecraft:flint":3,"minecraft:oak_log":1,"mts:mtsofficialpack.gmcbrig_white":1,"mts:mtsofficialpack.wheelmedium":1,"minecraft:gray_concrete":7,"minecraft:dirt":467,"minecraft:lantern":3,"mts:mts.wrench":1,"mts:ivairlinerpack.crj-200_skywest":1,"mts:unuparts.unuparts_part_unu_propeller_3d048_pusher":1,"minecraft:glass":1,"minecraft:oak_sign":1,"minecraft:wheat_seeds":6,"mts:mtsofficialpack.enginepw610f":1,"mts:mtsofficialpack.enginelycomingo360":1,"minecraft:iron_ingot":4,"mts:mtsofficialpack.seatblack":2,"mts:mtsofficialpack.sign_donotenter":1,"minecraft:poppy":6,"minecraft:bamboo":12,"mts:ivairlinerpack.737-300_delta":1,"mts:ivairlinerpack.crj-200_united":1,"mts:ivairlinerpack.737-300_united":1,"minecraft:dandelion":2,"minecraft:gravel":30,"mts:ivairlinerpack.a220seat":1,"argentinas_delight:teredemanza":1,"minecraft:diorite":19,"minecraft:white_bed":2,"minecraft:spruce_log":3,"mts:mtsofficialpack.double_bombrack":1,"mts:mtsofficialpack.e500_blackred":1,"mts:mtsofficialpack.sign_mts":2,"minecraft:quartz_block":9,"mts:ivairlinerpack.airstairs":1,"mts:mtsofficialpack.pole_trafficsignal":3,"mts:mtsofficialpack.fordmustang69_black":1,"mts:ivairlinerpack.truckwheel":1,"argentinas_delight:mateconyuyos":1,"minecraft:granite":14,"minecraft:white_concrete":2,"lightmanscurrency:terminal":1,"mts:unucivil.unucivil_vehicle_unu_mammoth_sedan_silver":1,"minecraft:coal":6,"minecraft:cobblestone":742}},"DataVersion":2586}