{"stats":{"minecraft:custom":{"minecraft:mob_kills":1,"minecraft:play_one_minute":261676,"minecraft:leave_game":7,"minecraft:time_since_death":97067,"minecraft:time_since_rest":97094,"minecraft:sprint_one_cm":21170,"minecraft:damage_taken":280,"minecraft:walk_one_cm":111268,"minecraft:drop":1,"minecraft:damage_dealt":478,"minecraft:swim_one_cm":2564,"minecraft:player_kills":2,"minecraft:fly_one_cm":5386680,"minecraft:crouch_one_cm":12453,"minecraft:deaths":6,"minecraft:sneak_time":19559,"minecraft:walk_under_water_one_cm":28509,"minecraft:aviate_one_cm":171573,"minecraft:jump":370,"minecraft:walk_on_water_one_cm":28535},"minecraft:used":{"minecraft:oak_fence":1,"mts:unucivil.unucivil_vehicle_unu_turtle_base_ivory":1,"minecraft:spruce_door":2,"minecraft:birch_planks":11,"cfm:stripped_dark_oak_blinds":3,"mts:ivairlinerpack.737-300_ukraineinternational":1,"mts:unucivil.unucivil_vehicle_unu_scarab_cactus":1,"minecraft:dark_oak_sign":1,"minecraft:pufferfish_spawn_egg":69,"minecraft:oak_sign":1,"cfm:stripped_birch_upgraded_fence":49,"minecraft:stone":102,"minecraft:redstone_block":55,"argentinas_delight:pava":4,"mts:mtsofficialpack.bell47g_olive":1,"minecraft:quartz_stairs":7,"mts:ivairlinerpack.737-300_united":5,"minecraft:dried_kelp_block":2,"cfm:rock_path":11,"minecraft:dirt":30,"minecraft:sand":2,"minecraft:oak_slab":1,"argentinas_delight:mateconyuyos":1,"minecraft:stone_stairs":1,"minecraft:yellow_concrete":19,"minecraft:campfire":18,"mts:ivairlinerpack.crj-200_skywest":1,"minecraft:chiseled_quartz_block":157,"mts:unucivil.unucivil_vehicle_unu_solenodon_base_ford":1,"minecraft:fern":19,"argentinas_delight:yerbabolsa":5,"cfm:oak_crate":1,"minecraft:bricks":161,"minecraft:dark_oak_log":5,"minecraft:grass_block":136,"mts:ivairlinerpack.crj-200_united":2,"minecraft:netherite_axe":7,"mts:unucivil.unucivil_plane_unu_aurornis_spaghetti":1,"mts:unucivil.unucivil_vehicle_unu_mammoth_sedan_silver":1,"minecraft:tropical_fish_spawn_egg":32,"mts:unucivil.unucivil_vehicle_unu_barista_seaweed":1,"mts:ivairlinerpack.q400_westjet":2,"mts:mtsofficialpack.pole_core":18,"mts:ivairlinerpack.737-300_delta":2,"minecraft:bedrock":29,"minecraft:cod_spawn_egg":68,"minecraft:pufferfish_bucket":1,"minecraft:iron_trapdoor":33,"minecraft:infested_cracked_stone_bricks":133,"minecraft:salmon_spawn_egg":1,"minecraft:birch_log":36,"minecraft:smooth_stone_slab":78,"minecraft:stripped_oak_log":1,"minecraft:white_concrete":188,"cfm:dark_oak_hedge":9,"minecraft:bone_meal":17,"argentinas_delight:teredemanza":1,"mts:mtsofficialpack.fordmustang69_black":1},"minecraft:picked_up":{"minecraft:birch_log":3,"mts:mtsofficialpack.pole_streetlight":1,"minecraft:oak_log":1,"minecraft:dirt":144,"mts:ivairlinerpack.crj-200_skywest":1,"minecraft:glass":1,"minecraft:wheat_seeds":3,"minecraft:iron_ingot":4,"mts:mtsofficialpack.sign_donotenter":1,"minecraft:poppy":3,"mts:ivairlinerpack.737-300_united":1,"minecraft:dandelion":2,"minecraft:gravel":2,"mts:ivairlinerpack.a220seat":1,"argentinas_delight:teredemanza":1,"minecraft:diorite":15,"minecraft:white_bed":2,"minecraft:spruce_log":3,"mts:mtsofficialpack.pole_trafficsignal":3,"mts:mtsofficialpack.fordmustang69_black":1,"mts:ivairlinerpack.truckwheel":1,"argentinas_delight:mateconyuyos":1,"minecraft:granite":13,"lightmanscurrency:terminal":1,"minecraft:white_concrete":2,"mts:unucivil.unucivil_vehicle_unu_mammoth_sedan_silver":1,"minecraft:coal":5,"minecraft:cobblestone":206},"minecraft:killed":{"minecraft:chicken":1},"minecraft:dropped":{"minecraft:cobblestone":1}},"DataVersion":2586}