{"stats":{"minecraft:custom":{"minecraft:play_one_minute":164586,"minecraft:leave_game":5,"minecraft:time_since_death":8230,"minecraft:time_since_rest":8268,"minecraft:sprint_one_cm":54601,"minecraft:damage_taken":70,"minecraft:walk_one_cm":152363,"minecraft:drop":9,"minecraft:damage_dealt":10,"minecraft:fly_one_cm":2133938,"minecraft:crouch_one_cm":7016,"minecraft:deaths":6,"minecraft:sneak_time":4442,"minecraft:walk_under_water_one_cm":13127,"minecraft:jump":255,"minecraft:walk_on_water_one_cm":9973,"minecraft:fall_one_cm":967},"minecraft:dropped":{"minecraft:cobblestone":17,"minecraft:dirt":17,"minecraft:diorite":5,"mts:mtsofficialpack.vulcanair_white":1,"minecraft:dandelion":1},"minecraft:used":{"mts:mtsofficialpack.gmcbrig_white":1,"mts:ivairlinerpack.q400_aircanada":1,"mts:ivairlinerpack.707-420_varig":1,"mts:ivairlinerpack.dc-8-30":5,"mts:mtsofficialpack.e500_blackred":1,"minecraft:polished_andesite":122,"mts:ivairlinerpack.707-320c_malaysian":1,"mts:mtsofficialpack.comanche_grey":2,"mts:unucivil.unucivil_vehicle_unu_scarab_speed":1,"mts:ivairlinerpack.707-120":1,"minecraft:stone":35,"mts:unucivil.unucivil_vehicle_unu_contractor_suvshort_ford":1,"mts:mtsofficialpack.comanche_blue":1,"minecraft:grass":1,"mts:ivairlinerpack.737-300_united":1,"minecraft:spruce_leaves":3,"mts:mtsofficialpack.barrelbell47g":7,"mts:unucivil.unucivil_vehicle_unu_contractor_suv_ford":2,"mts:ivairlinerpack.737-300_continental":1,"mts:mtsofficialpack.fuelpump":1,"mts:mtsofficialpack.e500_red":2,"mts:unucivil.unucivil_vehicle_unu_labrador_ivory":1,"minecraft:stone_stairs":3,"minecraft:gray_concrete":156,"mts:unudecor.unuparts_decor_unu_toilet_silver":6,"mts:unucivil.unucivil_trailer_unu_camper_ocean":1,"mts:unucivil.unucivil_boat_unu_dingy":1,"mts:mtsofficialpack.vulcanair_white":5,"mts:unucivil.unucivil_vehicle_unu_rabbit_coupe_ford":1,"mts:mtsofficialpack.e500_silver":1,"minecraft:grass_block":78,"mts:ivairlinerpack.crj-200_united":1,"minecraft:quartz_block":6,"mts:ivairlinerpack.dc-8-30_thai":1,"mts:ivairlinerpack.707-420_boac":1,"mts:unucivil.unucivil_vehicle_unu_750_sportcoupe_deluxe_ford":1,"mts:mtsofficialpack.pzl37los":1,"mts:unucivil.unucivil_vehicle_unu_barista_seaweed":1,"mts:ivairlinerpack.707-120_american":2,"minecraft:bedrock":61,"mts:mts.fuelpump":2,"mts:ivairlinerpack.crj-200":2,"mts:unucivil.unucivil_vehicle_unu_750_sedan_base_ford":1,"minecraft:white_concrete":2,"mts:unucivil.unucivil_vehicle_unu_trio_wagonpolice_1":1,"mts:ivairlinerpack.q400_mai":1,"mts:ivairlinerpack.737-300_airchina":1,"mts:ivairlinerpack.a320-200_ana":2},"minecraft:picked_up":{"minecraft:birch_log":5,"mts:mtsofficialpack.comanche_blue":1,"minecraft:andesite":94,"mts:unuparts.unuparts_part_unu_wheel_compact":4,"minecraft:flint":3,"mts:mts.invisible_seat":10,"mts:unuparts.unuparts_part_unu_barrel_jerrycan":1,"minecraft:oak_log":1,"minecraft:gray_concrete":46,"minecraft:dirt":304,"mts:mtsofficialpack.e500_silver":1,"mts:mtsofficialpack.comanche_grey":2,"mts:mtsofficialpack.pzl37los":1,"mts:unuparts.unuparts_part_unu_engine_i02_aircooled":1,"mts:ivairlinerpack.707-120":1,"mts:unucivil.unucivil_vehicle_unu_contractor_suv_ford":2,"mts:ivairlinerpack.707-120_american":1,"minecraft:wheat_seeds":2,"mts:ivairlinerpack.q400_aircanada":1,"mts:mtsofficialpack.vulcanair_white":1,"mts:mtsofficialpack.enginepw610f":2,"mts:unucivil.unucivil_vehicle_unu_barista_seaweed":1,"mts:unuparts.unuparts_part_unu_engine_boat_outboard_ivory":1,"mts:ivairlinerpack.crj-200":1,"mts:mtsofficialpack.wheelsmall":3,"minecraft:bamboo":66,"mts:unuparts.unuparts_bodypart_unu_bumper_default":1,"mts:unuparts.unuparts_part_unu_licenseplate_euro_blackthorne":2,"mts:unucivil.unucivil_trailer_unu_camper_ocean":1,"minecraft:dandelion":1,"minecraft:acacia_log":8,"minecraft:gravel":59,"mts:unuparts.unuparts_part_unu_hubcap_standard_dish":2,"minecraft:spruce_sapling":1,"minecraft:diorite":39,"minecraft:spruce_log":2,"mts:mtsofficialpack.carseat_black":10,"mts:unuparts.unuparts_part_unu_seat_bus":2,"mts:unuparts.unuparts_part_unu_propeller_w3d004":1,"minecraft:quartz_block":12,"mts:unucivil.unucivil_vehicle_unu_contractor_suvshort_ford":1,"mts:unucivil.unucivil_vehicle_unu_750_sedan_base_ford":1,"minecraft:granite":7,"minecraft:white_concrete":3,"mts:ivairlinerpack.dc-8-30_thai":1,"minecraft:white_terracotta":2,"minecraft:coal":3,"minecraft:bricks":1,"minecraft:cobblestone":671}},"DataVersion":2586}