{"stats":{"minecraft:picked_up":{"mts:mtsofficialpack.comanche_grey":2,"mts:unuparts.unuparts_part_unu_propeller_w3d004":1,"mts:unucivil.unucivil_trailer_unu_camper_ocean":1,"mts:ivairlinerpack.707-120_american":1,"minecraft:wheat_seeds":1,"mts:unuparts.unuparts_part_unu_engine_boat_outboard_ivory":1,"mts:unuparts.unuparts_part_unu_barrel_jerrycan":1,"minecraft:oak_log":1,"minecraft:cobblestone":1},"minecraft:custom":{"minecraft:time_since_rest":34948,"minecraft:crouch_one_cm":1476,"minecraft:play_one_minute":34948,"minecraft:sprint_one_cm":10422,"minecraft:damage_taken":70,"minecraft:walk_one_cm":30155,"minecraft:sneak_time":1376,"minecraft:walk_under_water_one_cm":517,"minecraft:jump":49,"minecraft:damage_dealt":10,"minecraft:leave_game":1,"minecraft:walk_on_water_one_cm":337,"minecraft:time_since_death":34948,"minecraft:fall_one_cm":967,"minecraft:fly_one_cm":513743},"minecraft:used":{"mts:unucivil.unucivil_trailer_unu_camper_ocean":1,"mts:unucivil.unucivil_boat_unu_dingy":1,"mts:ivairlinerpack.737-300_continental":1,"minecraft:grass_block":5,"mts:mtsofficialpack.comanche_grey":2,"minecraft:gray_concrete":78,"minecraft:stone":34,"mts:ivairlinerpack.707-120_american":2}},"DataVersion":2586}