{"stats":{"minecraft:picked_up":{"minecraft:oak_log":1,"minecraft:cobblestone":1},"minecraft:custom":{"minecraft:jump":14,"minecraft:time_since_rest":14253,"minecraft:crouch_one_cm":387,"minecraft:play_one_minute":14253,"minecraft:sprint_one_cm":2971,"minecraft:damage_taken":70,"minecraft:time_since_death":14253,"minecraft:walk_one_cm":9753,"minecraft:sneak_time":325,"minecraft:fall_one_cm":967,"minecraft:fly_one_cm":138637},"minecraft:used":{"mts:ivairlinerpack.737-300_continental":1}},"DataVersion":2586}