{"stats":{"minecraft:dropped":{"minecraft:dirt":17,"minecraft:diorite":5,"minecraft:cobblestone":17},"minecraft:custom":{"minecraft:time_since_rest":44597,"minecraft:sprint_one_cm":37224,"minecraft:damage_taken":70,"minecraft:walk_one_cm":97755,"minecraft:drop":7,"minecraft:damage_dealt":10,"minecraft:fly_one_cm":1544356,"minecraft:crouch_one_cm":5319,"minecraft:play_one_minute":110738,"minecraft:deaths":3,"minecraft:sneak_time":3611,"minecraft:walk_under_water_one_cm":1081,"minecraft:jump":190,"minecraft:leave_game":2,"minecraft:walk_on_water_one_cm":383,"minecraft:time_since_death":44572,"minecraft:fall_one_cm":967},"minecraft:used":{"mts:unucivil.unucivil_trailer_unu_camper_ocean":1,"mts:unucivil.unucivil_boat_unu_dingy":1,"mts:ivairlinerpack.q400_aircanada":1,"mts:ivairlinerpack.707-420_varig":1,"mts:ivairlinerpack.dc-8-30":5,"mts:mtsofficialpack.e500_blackred":1,"mts:mtsofficialpack.e500_silver":1,"minecraft:grass_block":6,"mts:ivairlinerpack.707-320c_malaysian":1,"mts:ivairlinerpack.crj-200_united":1,"mts:mtsofficialpack.comanche_grey":2,"mts:ivairlinerpack.dc-8-30_thai":1,"minecraft:stone":34,"mts:ivairlinerpack.707-120":1,"mts:ivairlinerpack.707-420_boac":1,"mts:mtsofficialpack.comanche_blue":1,"mts:ivairlinerpack.707-120_american":2,"mts:ivairlinerpack.737-300_united":1,"minecraft:spruce_leaves":3,"mts:mtsofficialpack.barrelbell47g":7,"mts:mtsofficialpack.fuelpump":1,"mts:ivairlinerpack.737-300_continental":1,"mts:mts.fuelpump":2,"mts:mtsofficialpack.e500_red":2,"minecraft:gray_concrete":156,"mts:ivairlinerpack.q400_mai":1,"mts:ivairlinerpack.737-300_airchina":1,"mts:ivairlinerpack.a320-200_ana":2},"minecraft:picked_up":{"minecraft:birch_log":5,"mts:unucivil.unucivil_trailer_unu_camper_ocean":1,"mts:mtsofficialpack.comanche_blue":1,"minecraft:andesite":94,"minecraft:acacia_log":8,"minecraft:gravel":59,"minecraft:flint":3,"mts:mts.invisible_seat":9,"mts:unuparts.unuparts_part_unu_barrel_jerrycan":1,"minecraft:oak_log":1,"minecraft:spruce_sapling":1,"minecraft:diorite":39,"minecraft:spruce_log":2,"mts:mtsofficialpack.carseat_black":9,"minecraft:gray_concrete":46,"minecraft:dirt":294,"mts:mtsofficialpack.e500_silver":1,"mts:mtsofficialpack.comanche_grey":2,"mts:unuparts.unuparts_part_unu_propeller_w3d004":1,"mts:ivairlinerpack.707-120":1,"minecraft:wheat_seeds":2,"mts:ivairlinerpack.707-120_american":1,"mts:ivairlinerpack.q400_aircanada":1,"mts:mtsofficialpack.enginepw610f":2,"minecraft:granite":7,"mts:unuparts.unuparts_part_unu_engine_boat_outboard_ivory":1,"minecraft:white_concrete":2,"mts:mtsofficialpack.wheelsmall":3,"mts:ivairlinerpack.dc-8-30_thai":1,"minecraft:bamboo":66,"minecraft:coal":3,"minecraft:cobblestone":637}},"DataVersion":2586}