{"stats":{"minecraft:used":{"mts:unucivil.unucivil_trailer_unu_camper_ocean":1,"mts:ivairlinerpack.707-420_varig":1,"mts:unucivil.unucivil_boat_unu_dingy":1,"minecraft:spruce_leaves":3,"mts:ivairlinerpack.737-300_continental":1,"minecraft:grass_block":5,"mts:mtsofficialpack.comanche_grey":2,"mts:ivairlinerpack.707-320c_malaysian":1,"mts:ivairlinerpack.707-120":1,"minecraft:gray_concrete":156,"minecraft:stone":34,"mts:ivairlinerpack.707-420_boac":1,"mts:ivairlinerpack.707-120_american":2,"mts:ivairlinerpack.a320-200_ana":1},"minecraft:custom":{"minecraft:time_since_rest":13673,"minecraft:play_one_minute":51703,"minecraft:crouch_one_cm":2748,"minecraft:damage_taken":70,"minecraft:sprint_one_cm":15476,"minecraft:walk_one_cm":41746,"minecraft:deaths":1,"minecraft:sneak_time":2019,"minecraft:walk_under_water_one_cm":517,"minecraft:jump":93,"minecraft:damage_dealt":10,"minecraft:leave_game":1,"minecraft:time_since_death":13604,"minecraft:walk_on_water_one_cm":337,"minecraft:fall_one_cm":967,"minecraft:fly_one_cm":790037},"minecraft:picked_up":{"mts:unuparts.unuparts_part_unu_propeller_w3d004":1,"mts:mtsofficialpack.comanche_grey":2,"mts:unucivil.unucivil_trailer_unu_camper_ocean":1,"mts:ivairlinerpack.707-120":1,"mts:ivairlinerpack.707-120_american":1,"minecraft:wheat_seeds":1,"minecraft:granite":2,"minecraft:oak_log":1,"mts:unuparts.unuparts_part_unu_barrel_jerrycan":1,"minecraft:white_concrete":2,"mts:unuparts.unuparts_part_unu_engine_boat_outboard_ivory":1,"minecraft:spruce_sapling":1,"minecraft:gray_concrete":46,"minecraft:dirt":89,"minecraft:cobblestone":106}},"DataVersion":2586}