{"stats":{"minecraft:picked_up":{"mts:mtsofficialpack.comanche_grey":1,"mts:unuparts.unuparts_part_unu_propeller_w3d004":1,"mts:unucivil.unucivil_trailer_unu_camper_ocean":1,"mts:unuparts.unuparts_part_unu_engine_boat_outboard_ivory":1,"mts:unuparts.unuparts_part_unu_barrel_jerrycan":1,"minecraft:oak_log":1,"minecraft:cobblestone":1},"minecraft:custom":{"minecraft:time_since_rest":22948,"minecraft:crouch_one_cm":1120,"minecraft:play_one_minute":22948,"minecraft:sprint_one_cm":4626,"minecraft:damage_taken":70,"minecraft:walk_one_cm":21361,"minecraft:sneak_time":849,"minecraft:walk_under_water_one_cm":517,"minecraft:jump":20,"minecraft:leave_game":1,"minecraft:walk_on_water_one_cm":337,"minecraft:time_since_death":22948,"minecraft:fall_one_cm":967,"minecraft:fly_one_cm":309556},"minecraft:used":{"mts:unucivil.unucivil_trailer_unu_camper_ocean":1,"mts:unucivil.unucivil_boat_unu_dingy":1,"mts:ivairlinerpack.737-300_continental":1,"mts:mtsofficialpack.comanche_grey":2}},"DataVersion":2586}