{"stats":{"minecraft:dropped":{"minecraft:dirt":17,"minecraft:diorite":5,"minecraft:cobblestone":17},"minecraft:custom":{"minecraft:time_since_rest":26597,"minecraft:sprint_one_cm":30943,"minecraft:damage_taken":70,"minecraft:walk_one_cm":77940,"minecraft:drop":7,"minecraft:damage_dealt":10,"minecraft:fly_one_cm":1384559,"minecraft:crouch_one_cm":4559,"minecraft:play_one_minute":92738,"minecraft:deaths":3,"minecraft:sneak_time":3231,"minecraft:walk_under_water_one_cm":1081,"minecraft:jump":165,"minecraft:leave_game":2,"minecraft:walk_on_water_one_cm":383,"minecraft:time_since_death":26572,"minecraft:fall_one_cm":967},"minecraft:used":{"mts:unucivil.unucivil_trailer_unu_camper_ocean":1,"mts:unucivil.unucivil_boat_unu_dingy":1,"mts:ivairlinerpack.707-420_varig":1,"mts:ivairlinerpack.dc-8-30":5,"mts:mtsofficialpack.e500_silver":1,"minecraft:grass_block":6,"mts:ivairlinerpack.707-320c_malaysian":1,"mts:ivairlinerpack.crj-200_united":1,"mts:mtsofficialpack.comanche_grey":2,"minecraft:stone":34,"mts:ivairlinerpack.707-120":1,"mts:ivairlinerpack.707-420_boac":1,"mts:mtsofficialpack.comanche_blue":1,"mts:ivairlinerpack.707-120_american":2,"mts:ivairlinerpack.737-300_united":1,"minecraft:spruce_leaves":3,"mts:mtsofficialpack.barrelbell47g":7,"mts:mtsofficialpack.fuelpump":1,"mts:ivairlinerpack.737-300_continental":1,"mts:mts.fuelpump":2,"minecraft:gray_concrete":156,"mts:ivairlinerpack.q400_mai":1,"mts:ivairlinerpack.a320-200_ana":2},"minecraft:picked_up":{"mts:unucivil.unucivil_trailer_unu_camper_ocean":1,"minecraft:andesite":94,"minecraft:acacia_log":8,"minecraft:gravel":3,"mts:unuparts.unuparts_part_unu_barrel_jerrycan":1,"minecraft:oak_log":1,"minecraft:spruce_sapling":1,"minecraft:diorite":39,"minecraft:spruce_log":2,"minecraft:gray_concrete":46,"minecraft:dirt":290,"mts:mtsofficialpack.e500_silver":1,"mts:mtsofficialpack.comanche_grey":2,"mts:unuparts.unuparts_part_unu_propeller_w3d004":1,"mts:ivairlinerpack.707-120":1,"minecraft:wheat_seeds":2,"mts:ivairlinerpack.707-120_american":1,"minecraft:granite":7,"mts:unuparts.unuparts_part_unu_engine_boat_outboard_ivory":1,"minecraft:white_concrete":2,"minecraft:bamboo":66,"minecraft:coal":3,"minecraft:cobblestone":618}},"DataVersion":2586}