{"stats":{"minecraft:used":{"minecraft:crafting_table":1,"mts:ivairlinerpack.crj-200_united":1,"minecraft:smooth_stone_slab":226,"minecraft:wooden_pickaxe":18},"minecraft:killed_by":{"minecraft:player":2},"minecraft:crafted":{"minecraft:oak_planks":16,"minecraft:crafting_table":1,"minecraft:stick":4,"minecraft:wooden_pickaxe":1},"minecraft:picked_up":{"mts:mts.handbook_plane":1,"mts:ivairlinerpack.crj-200_united":1,"minecraft:beetroot_seeds":2,"minecraft:wheat_seeds":13,"minecraft:oak_log":8,"minecraft:carrot":4,"minecraft:oak_sapling":1,"minecraft:dirt":4,"minecraft:cobblestone":14},"minecraft:custom":{"minecraft:time_since_rest":3863,"minecraft:damage_taken":854,"minecraft:play_one_minute":9577,"minecraft:crouch_one_cm":4087,"minecraft:walk_one_cm":23597,"minecraft:sprint_one_cm":13916,"minecraft:deaths":5,"minecraft:sneak_time":1359,"minecraft:jump":99,"minecraft:leave_game":3,"minecraft:time_since_death":3831,"minecraft:interact_with_crafting_table":1,"minecraft:fall_one_cm":2529,"minecraft:fly_one_cm":18966},"minecraft:mined":{"minecraft:grass":3,"minecraft:grass_block":1,"minecraft:oak_log":8,"minecraft:beetroots":2,"minecraft:carrots":4,"minecraft:dirt":3,"minecraft:wheat":12,"minecraft:stone":14,"minecraft:oak_leaves":7}},"DataVersion":2586}