{"stats":{"minecraft:picked_up":{"minecraft:stick":1,"minecraft:tnt":1,"minecraft:redstone_block":1,"minecraft:andesite":2,"minecraft:wheat_seeds":38,"minecraft:dandelion":6,"minecraft:sand":199,"mts:unucivil.unucivil_vehicle_unu_barista_seaweed":1,"argentinas_delight:espinacaitem":3,"minecraft:poppy":5,"minecraft:diorite":13,"minecraft:grass_block":2,"minecraft:birch_sapling":5,"minecraft:coal":6,"minecraft:dirt":710,"minecraft:cobblestone":45},"minecraft:custom":{"minecraft:time_since_rest":49306,"minecraft:play_one_minute":95660,"minecraft:crouch_one_cm":463,"minecraft:sprint_one_cm":135967,"minecraft:walk_one_cm":374879,"minecraft:deaths":3,"minecraft:walk_under_water_one_cm":7587,"minecraft:sneak_time":1815,"minecraft:jump":342,"minecraft:time_since_death":46511,"minecraft:walk_on_water_one_cm":8096,"minecraft:fall_one_cm":267,"minecraft:fly_one_cm":959298},"minecraft:used":{"minecraft:redstone_torch":10,"minecraft:iron_bars":7,"minecraft:sand":7,"minecraft:dirt":57,"minecraft:tnt":26,"minecraft:grass_block":1348,"minecraft:smooth_stone_slab":326,"minecraft:white_concrete":35,"minecraft:stone":295,"minecraft:redstone_block":4,"mts:unucivil.unucivil_vehicle_unu_barista_seaweed":1}},"DataVersion":2586}