{"stats":{"minecraft:picked_up":{"minecraft:charcoal":2,"mts:unuparts.unuparts_part_unu_engine_i04_standard":3,"minecraft:redstone_block":1,"mts:mtsofficialpack.pole_streetlight":1,"mts:mts.enginebench":1,"mts:mts.propellerbench":1,"minecraft:cornflower":1,"minecraft:stone_stairs":1,"mts:unudecor.unuparts_decor_unu_radio_redsands":1,"mts:unucivil.unucivil_vehicle_unu_camelfiretruck_red":1,"mts:unucivil.unucivil_vehicle_unu_labrador_ivory":3,"minecraft:smooth_stone_slab":1,"minecraft:oak_sign":1,"mts:unucivil.unucivil_vehicle_unu_barista_seaweed":1,"mts:unuparts.unuparts_part_unu_transmission_manual_3_base":3,"mts:unuparts.unuparts_part_unu_barrel_metal_red":1,"minecraft:poppy":5,"minecraft:quartz_stairs":2,"minecraft:birch_sapling":5,"minecraft:spruce_trapdoor":1,"minecraft:furnace":1,"mts:unuparts.unuparts_part_unu_licenseplate_euro_blackthorne":3,"minecraft:stick":1,"minecraft:stone":7,"minecraft:oak_door":5,"mts:unuparts.unuparts_part_unu_accessory_hardtop":3,"mts:mtsofficialpack.pole_core":1,"minecraft:torch":3,"mts:unudecor.unuparts_decor_unu_trafficbarrel":1,"mts:mts.custombench":1,"minecraft:diorite":13,"minecraft:tnt":1,"minecraft:stone_shovel":1,"argentinas_delight:tablapescado":1,"mts:unuparts.unuparts_part_unu_seat_budget_saddle":6,"minecraft:iron_bars":4,"minecraft:cobblestone":50,"mts:mtsofficialpack.pole_flashingsignal_yellow":1,"mts:unucivil.unucivil_vehicle_unu_contractor_pickup_olive":1,"minecraft:andesite":3,"mts:unucivil.unucivil_vehicle_unu_labrador_mail_ivory":3,"mts:unuparts.unuparts_part_unu_barrel_jerrycan":3,"argentinas_delight:tablachura":1,"minecraft:dirt":1214,"mts:unuparts.unuparts_part_unu_wheel_standard_offroad":16,"minecraft:lantern":2,"mts:unuparts.unuparts_part_unu_crate_wooden":2,"cfm:stripped_oak_table":1,"minecraft:stone_bricks":4,"mts:mtsofficialpack.sign_wrongway":1,"minecraft:wheat_seeds":40,"minecraft:mossy_stone_bricks":2,"mts:mtsofficialpack.sign_donotenter":5,"mts:unudecor.unuparts_decor_unu_shelf_small_light":2,"cfm:stripped_oak_chair":1,"mts:unucivil.unucivil_vehicle_unu_contractor_pickup_saddle":1,"minecraft:dandelion":6,"minecraft:gravel":3,"minecraft:sand":199,"mts:unucivil.unucivil_vehicle_unu_ferret_vanpolice_riot_1":1,"argentinas_delight:espinacaitem":3,"minecraft:white_bed":1,"minecraft:grass_block":7,"mts:unucivil.unucivil_vehicle_unu_groundhog_apple":1,"minecraft:spruce_door":2,"argentinas_delight:matevacio":1,"mts:unucivil.unucivil_vehicle_unu_barista_apple":2,"mts:mtsofficialpack.pole_trafficsignal":1,"mts:mtsofficialpack.sign_stop":2,"minecraft:campfire":1,"mts:unuparts.unuparts_gun_unu_extinguisher":2,"mts:unudecor.unuparts_decor_unu_toilet_gold":2,"minecraft:white_concrete":2,"mts:mts.wheelbench":1,"mts:unucivil.unucivil_vehicle_unu_mammoth_phaeton_apple":2,"minecraft:bricks":29,"minecraft:coal":6,"mts:unuparts.unuparts_part_unu_accessory_roofrack":1},"minecraft:custom":{"minecraft:leave_game":1,"minecraft:time_since_death":27312,"minecraft:sprint_one_cm":246660,"minecraft:walk_one_cm":1107333,"minecraft:drop":10,"minecraft:deaths":15,"minecraft:walk_under_water_one_cm":23400,"minecraft:sneak_time":3526,"minecraft:jump":998,"minecraft:walk_on_water_one_cm":11163,"minecraft:play_one_minute":362732,"minecraft:pot_flower":1,"minecraft:time_since_rest":27339,"minecraft:swim_one_cm":1149,"minecraft:fly_one_cm":1761205,"minecraft:crouch_one_cm":1358,"minecraft:fall_one_cm":267},"minecraft:used":{"mts:unudecor.unuparts_decor_unu_shelf_small_light":3,"mts:mts.propellerbench":1,"minecraft:oak_fence":25,"minecraft:petrified_oak_slab":70,"minecraft:iron_bars":384,"mts:mtsofficialpack.gunfireextinguisher":3,"minecraft:armor_stand":6,"minecraft:stone_shovel":36,"cfm:black_grill":4,"minecraft:stone":441,"minecraft:quartz_stairs":4,"mts:unudecor.unuparts_decor_unu_traffictube":1,"mts:unucivil.unucivil_vehicle_unu_mastodon_coupe_aqua":1,"cfm:rock_path":30,"mts:mts.itembench":1,"minecraft:oak_door":28,"minecraft:torch":5,"minecraft:dirt":58,"mts:unudecor.unuparts_decor_unu_radio_redsands":3,"minecraft:brick_slab":32,"cfm:oak_blinds":4,"mts:unuparts.unuparts_part_unu_crate_wooden":3,"mts:unucivil.unucivil_vehicle_unu_baron_sedanpolice_2":1,"minecraft:oak_wood":3,"minecraft:stone_stairs":61,"mts:unuparts.unuparts_part_unu_barrel_metal_red":2,"argentinas_delight:tablachura":2,"minecraft:birch_door":1,"mts:unucivil.unucivil_vehicle_unu_camelfiretruck_red":1,"mts:mts.instrumentbench":3,"cfm:oak_crate":4,"minecraft:bricks":1218,"mts:mts.vehiclebench":1,"minecraft:lantern":9,"minecraft:grass_block":1814,"minecraft:brick_stairs":19,"lightmanscurrency:coinjar_blue":1,"cfm:stripped_oak_chair":6,"argentinas_delight:tablapescado":5,"mts:unucivil.unucivil_vehicle_unu_burro_porter_yellow":1,"minecraft:stone_bricks":249,"mts:mtsofficialpack.pole_core":98,"mts:unudecor.unuparts_decor_unu_stereo":1,"lightmanscurrency:piggy_bank":2,"mts:unucivil.unucivil_vehicle_unu_barista_apple":4,"minecraft:furnace":9,"minecraft:podzol":62,"argentinas_delight:tabladechancho":4,"mts:mts.seatbench":1,"mts:mts.custombench":3,"mts:mtsofficialpack.crashbarrier":7,"mts:unucivil.unucivil_vehicle_unu_steed_pickup_mint":1,"minecraft:mossy_stone_bricks":26,"mts:unuparts.unuparts_gun_unu_extinguisher":2,"mts:unudecor.unuparts_decor_unu_modelairship":1,"mts:unupmc.unupmc_vehicle_pmc_freightmaster_yellow":2,"mts:unucivil.unucivil_vehicle_unu_labrador_mail_ivory":5,"minecraft:oak_planks":30,"minecraft:redstone_block":16,"mts:unucivil.unucivil_vehicle_unu_contractor_pickup_saddle":2,"mts:unucivil.unucivil_vehicle_unu_groundhog_apple":2,"mts:unucivil.unucivil_vehicle_unu_contractor_pickup_olive":2,"mts:mtsofficialpack.trafficcone":16,"minecraft:sand":7,"minecraft:rail":23,"minecraft:tnt":39,"mts:unudecor.unuparts_decor_unu_trafficbarrel":1,"minecraft:oak_slab":11,"mts:unucivil.unucivil_vehicle_unu_labrador_ivory":1,"mts:unuparts.unuparts_part_unu_barrel_jerrycan":3,"minecraft:birch_sign":8,"minecraft:yellow_concrete":1,"minecraft:campfire":14,"minecraft:white_bed":9,"minecraft:stone_brick_wall":15,"argentinas_delight:asadasotabladelante":1,"minecraft:smooth_red_sandstone_stairs":2,"minecraft:smoker":3,"mts:mts.wheelbench":6,"mts:mts.enginebench":2,"minecraft:redstone_torch":10,"minecraft:oak_log":11,"minecraft:flower_pot":1,"mts:unuparts.unuparts_part_unu_engine_i04_standard":1,"mts:unucivil.unucivil_vehicle_unu_ferret_vanpolice_riot_1":1,"mts:mtsofficialpack.signalcontroller":3,"minecraft:barrier":17,"mts:unucivil.unucivil_vehicle_unu_contractorxl_bucket_white":1,"minecraft:spruce_trapdoor":12,"argentinas_delight:jarravacia":1,"minecraft:gravel":16,"mts:unucivil.unucivil_vehicle_unu_barista_seaweed":1,"cfm:gray_grill":1,"cfm:stripped_oak_table":6,"cfm:andesite_bedside_cabinet":6,"minecraft:cobblestone":13,"mts:mtsofficialpack.telephonebooth":1,"argentinas_delight:matevacio":4,"minecraft:andesite":15,"minecraft:grass_path":113,"mts:unucivil.unucivil_vehicle_unu_mammoth_phaeton_apple":3,"minecraft:smooth_stone_slab":391,"minecraft:white_concrete":47,"minecraft:coarse_dirt":244,"mts:unudecor.unuparts_decor_unu_machine":1,"mts:unucivil.unucivil_vehicle_unu_750_convertible_deluxe_apple":1},"minecraft:dropped":{"mts:unudecor.unuparts_decor_unu_toilet_gold":1,"minecraft:grass_block":3,"mts:mtsofficialpack.pole_streetlight":2,"minecraft:oak_door":1,"minecraft:stone_shovel":1,"minecraft:stone":1,"minecraft:iron_bars":1}},"DataVersion":2586}