{"stats":{"minecraft:picked_up":{"minecraft:tnt":1,"minecraft:stick":1,"mts:mtsofficialpack.sign_stop":1,"mts:mtsofficialpack.pole_trafficsignal":1,"minecraft:redstone_block":1,"minecraft:andesite":2,"minecraft:wheat_seeds":38,"minecraft:dandelion":6,"minecraft:sand":199,"mts:mtsofficialpack.sign_donotenter":3,"mts:unucivil.unucivil_vehicle_unu_barista_seaweed":1,"minecraft:poppy":5,"minecraft:diorite":13,"argentinas_delight:espinacaitem":3,"minecraft:grass_block":2,"minecraft:birch_sapling":5,"minecraft:coal":6,"minecraft:dirt":710,"minecraft:cobblestone":45},"minecraft:custom":{"minecraft:time_since_rest":70378,"minecraft:play_one_minute":116732,"minecraft:crouch_one_cm":495,"minecraft:sprint_one_cm":139895,"minecraft:walk_one_cm":388268,"minecraft:deaths":3,"minecraft:sneak_time":1931,"minecraft:walk_under_water_one_cm":7587,"minecraft:jump":381,"minecraft:leave_game":1,"minecraft:time_since_death":67583,"minecraft:walk_on_water_one_cm":8096,"minecraft:fall_one_cm":267,"minecraft:fly_one_cm":987794},"minecraft:used":{"minecraft:redstone_torch":10,"mts:mtsofficialpack.pole_core":58,"minecraft:iron_bars":10,"minecraft:dirt":57,"minecraft:sand":7,"minecraft:tnt":26,"minecraft:grass_block":1348,"minecraft:smooth_stone_slab":354,"minecraft:white_concrete":46,"minecraft:stone":295,"minecraft:redstone_block":4,"mts:unucivil.unucivil_vehicle_unu_barista_seaweed":1}},"DataVersion":2586}