{"stats":{"minecraft:picked_up":{"mts:mtsofficialpack.pole_flashingsignal_yellow":1,"minecraft:stick":1,"minecraft:redstone_block":1,"mts:mtsofficialpack.pole_core":1,"minecraft:andesite":2,"mts:mtsofficialpack.pole_streetlight":1,"minecraft:dandelion":6,"minecraft:sand":199,"argentinas_delight:espinacaitem":3,"minecraft:diorite":13,"minecraft:grass_block":2,"minecraft:dirt":1176,"minecraft:tnt":1,"mts:mtsofficialpack.pole_trafficsignal":1,"mts:mtsofficialpack.sign_wrongway":1,"mts:mtsofficialpack.sign_stop":1,"minecraft:wheat_seeds":39,"mts:unucivil.unucivil_vehicle_unu_barista_seaweed":1,"minecraft:poppy":5,"mts:mtsofficialpack.sign_donotenter":4,"minecraft:birch_sapling":5,"minecraft:coal":6,"minecraft:cobblestone":49},"minecraft:custom":{"minecraft:time_since_rest":106378,"minecraft:sprint_one_cm":145257,"minecraft:walk_one_cm":485333,"minecraft:drop":3,"minecraft:fly_one_cm":1121089,"minecraft:crouch_one_cm":502,"minecraft:play_one_minute":152732,"minecraft:walk_under_water_one_cm":7587,"minecraft:deaths":3,"minecraft:sneak_time":2158,"minecraft:jump":484,"minecraft:leave_game":1,"minecraft:walk_on_water_one_cm":8096,"minecraft:time_since_death":103583,"minecraft:fall_one_cm":267},"minecraft:used":{"minecraft:redstone_torch":10,"mts:mtsofficialpack.crashbarrier":7,"minecraft:mossy_stone_bricks":11,"minecraft:bricks":36,"minecraft:iron_bars":109,"minecraft:grass_block":1602,"mts:mtsofficialpack.signalcontroller":1,"minecraft:stone":306,"minecraft:redstone_block":14,"minecraft:gravel":3,"mts:unucivil.unucivil_vehicle_unu_barista_seaweed":1,"minecraft:stone_bricks":42,"minecraft:oak_door":2,"mts:mtsofficialpack.pole_core":63,"minecraft:cobblestone":2,"mts:mtsofficialpack.trafficcone":11,"minecraft:dirt":57,"minecraft:sand":7,"mts:mtsofficialpack.telephonebooth":1,"minecraft:tnt":34,"minecraft:andesite":5,"minecraft:smooth_stone_slab":384,"minecraft:white_concrete":47,"minecraft:birch_door":1},"minecraft:dropped":{"minecraft:grass_block":1,"mts:mtsofficialpack.pole_streetlight":2}},"DataVersion":2586}