{"stats":{"minecraft:picked_up":{"mts:mtsofficialpack.pole_flashingsignal_yellow":1,"mts:unucivil.unucivil_vehicle_unu_contractor_pickup_olive":1,"minecraft:redstone_block":1,"minecraft:andesite":3,"mts:mtsofficialpack.pole_streetlight":1,"mts:mts.enginebench":1,"mts:unucivil.unucivil_vehicle_unu_labrador_mail_ivory":3,"mts:mts.propellerbench":1,"mts:unuparts.unuparts_part_unu_barrel_jerrycan":3,"argentinas_delight:tablachura":1,"cfm:stripped_oak_table":1,"minecraft:smooth_stone_slab":1,"mts:unudecor.unuparts_decor_unu_radio_redsands":1,"minecraft:lantern":2,"minecraft:stone_stairs":1,"minecraft:dirt":1176,"mts:unuparts.unuparts_part_unu_wheel_standard_offroad":16,"mts:unuparts.unuparts_part_unu_crate_wooden":2,"mts:unucivil.unucivil_vehicle_unu_camelfiretruck_red":1,"mts:unucivil.unucivil_vehicle_unu_labrador_ivory":3,"mts:mtsofficialpack.sign_wrongway":1,"minecraft:stone_bricks":4,"minecraft:wheat_seeds":39,"mts:unuparts.unuparts_part_unu_barrel_metal_red":1,"mts:unucivil.unucivil_vehicle_unu_barista_seaweed":1,"mts:unuparts.unuparts_part_unu_transmission_manual_3_base":3,"mts:mtsofficialpack.sign_donotenter":5,"minecraft:mossy_stone_bricks":2,"minecraft:poppy":5,"mts:unudecor.unuparts_decor_unu_shelf_small_light":2,"minecraft:quartz_stairs":2,"minecraft:birch_sapling":5,"minecraft:spruce_trapdoor":1,"minecraft:furnace":1,"cfm:stripped_oak_chair":1,"mts:unuparts.unuparts_part_unu_licenseplate_euro_blackthorne":3,"minecraft:stick":1,"minecraft:stone":7,"mts:unuparts.unuparts_part_unu_accessory_hardtop":3,"mts:mtsofficialpack.pole_core":1,"minecraft:oak_door":5,"mts:unudecor.unuparts_decor_unu_trafficbarrel":1,"minecraft:torch":3,"mts:unucivil.unucivil_vehicle_unu_contractor_pickup_saddle":1,"minecraft:dandelion":6,"minecraft:gravel":3,"minecraft:sand":199,"mts:mts.custombench":1,"mts:unucivil.unucivil_vehicle_unu_ferret_vanpolice_riot_1":1,"minecraft:white_bed":1,"minecraft:diorite":13,"argentinas_delight:espinacaitem":3,"minecraft:grass_block":7,"mts:unucivil.unucivil_vehicle_unu_groundhog_apple":1,"argentinas_delight:matevacio":1,"minecraft:tnt":1,"argentinas_delight:tablapescado":1,"mts:unucivil.unucivil_vehicle_unu_barista_apple":2,"mts:mtsofficialpack.sign_stop":2,"mts:mtsofficialpack.pole_trafficsignal":1,"minecraft:campfire":1,"mts:unuparts.unuparts_gun_unu_extinguisher":2,"mts:unuparts.unuparts_part_unu_seat_budget_saddle":6,"mts:unudecor.unuparts_decor_unu_toilet_gold":2,"minecraft:white_concrete":2,"mts:mts.wheelbench":1,"mts:unucivil.unucivil_vehicle_unu_mammoth_phaeton_apple":2,"minecraft:iron_bars":3,"minecraft:bricks":5,"minecraft:coal":6,"mts:unuparts.unuparts_part_unu_accessory_roofrack":1,"minecraft:cobblestone":50,"mts:unuparts.unuparts_part_unu_engine_i04_standard":3},"minecraft:custom":{"minecraft:play_one_minute":326732,"minecraft:leave_game":1,"minecraft:time_since_death":8022,"minecraft:time_since_rest":8048,"minecraft:sprint_one_cm":220628,"minecraft:walk_one_cm":952158,"minecraft:drop":8,"minecraft:fly_one_cm":1598214,"minecraft:crouch_one_cm":1272,"minecraft:deaths":14,"minecraft:sneak_time":3031,"minecraft:walk_under_water_one_cm":7587,"minecraft:jump":872,"minecraft:walk_on_water_one_cm":8096,"minecraft:fall_one_cm":267},"minecraft:used":{"mts:mts.custombench":3,"mts:mts.propellerbench":1,"mts:mtsofficialpack.crashbarrier":7,"mts:unucivil.unucivil_vehicle_unu_steed_pickup_mint":1,"minecraft:mossy_stone_bricks":26,"mts:unudecor.unuparts_decor_unu_modelairship":1,"minecraft:iron_bars":220,"mts:unuparts.unuparts_gun_unu_extinguisher":2,"mts:unupmc.unupmc_vehicle_pmc_freightmaster_yellow":2,"mts:unucivil.unucivil_vehicle_unu_labrador_mail_ivory":5,"mts:mtsofficialpack.gunfireextinguisher":3,"cfm:black_grill":4,"minecraft:stone":420,"minecraft:redstone_block":14,"mts:unudecor.unuparts_decor_unu_traffictube":1,"minecraft:quartz_stairs":4,"mts:unucivil.unucivil_vehicle_unu_contractor_pickup_saddle":2,"mts:unucivil.unucivil_vehicle_unu_mastodon_coupe_aqua":1,"mts:unucivil.unucivil_vehicle_unu_groundhog_apple":2,"cfm:rock_path":28,"minecraft:oak_door":27,"mts:mts.itembench":1,"mts:unucivil.unucivil_vehicle_unu_contractor_pickup_olive":2,"minecraft:torch":5,"minecraft:rail":23,"mts:unudecor.unuparts_decor_unu_radio_redsands":3,"minecraft:dirt":57,"mts:mtsofficialpack.trafficcone":15,"minecraft:sand":7,"minecraft:oak_slab":9,"mts:unudecor.unuparts_decor_unu_trafficbarrel":1,"minecraft:tnt":34,"minecraft:birch_sign":4,"mts:unucivil.unucivil_vehicle_unu_labrador_ivory":1,"minecraft:brick_slab":32,"mts:unuparts.unuparts_part_unu_crate_wooden":3,"cfm:oak_blinds":4,"mts:unucivil.unucivil_vehicle_unu_baron_sedanpolice_2":1,"mts:unuparts.unuparts_part_unu_barrel_jerrycan":3,"minecraft:white_bed":9,"minecraft:campfire":14,"minecraft:stone_stairs":61,"minecraft:yellow_concrete":1,"mts:unuparts.unuparts_part_unu_barrel_metal_red":2,"argentinas_delight:asadasotabladelante":1,"minecraft:smooth_red_sandstone_stairs":2,"minecraft:smoker":3,"argentinas_delight:tablachura":2,"mts:mts.wheelbench":6,"mts:mts.enginebench":2,"minecraft:birch_door":1,"minecraft:redstone_torch":10,"mts:unucivil.unucivil_vehicle_unu_camelfiretruck_red":1,"cfm:oak_crate":4,"mts:mts.instrumentbench":3,"minecraft:bricks":1118,"mts:unuparts.unuparts_part_unu_engine_i04_standard":1,"mts:mts.vehiclebench":1,"mts:unucivil.unucivil_vehicle_unu_ferret_vanpolice_riot_1":1,"mts:mtsofficialpack.signalcontroller":3,"minecraft:lantern":9,"minecraft:grass_block":1685,"minecraft:brick_stairs":16,"cfm:stripped_oak_chair":6,"mts:unucivil.unucivil_vehicle_unu_contractorxl_bucket_white":1,"minecraft:spruce_trapdoor":12,"argentinas_delight:jarravacia":1,"argentinas_delight:tablapescado":5,"mts:unucivil.unucivil_vehicle_unu_burro_porter_yellow":1,"minecraft:gravel":16,"mts:unucivil.unucivil_vehicle_unu_barista_seaweed":1,"minecraft:stone_bricks":249,"mts:unudecor.unuparts_decor_unu_stereo":1,"mts:mtsofficialpack.pole_core":73,"cfm:stripped_oak_table":6,"cfm:andesite_bedside_cabinet":6,"mts:unucivil.unucivil_vehicle_unu_barista_apple":4,"mts:mtsofficialpack.telephonebooth":1,"cfm:gray_grill":1,"minecraft:cobblestone":13,"argentinas_delight:matevacio":4,"minecraft:furnace":9,"argentinas_delight:tabladechancho":4,"minecraft:andesite":15,"mts:mts.seatbench":1,"minecraft:smooth_stone_slab":391,"mts:unucivil.unucivil_vehicle_unu_mammoth_phaeton_apple":3,"minecraft:white_concrete":47,"minecraft:coarse_dirt":50,"mts:unudecor.unuparts_decor_unu_machine":1,"mts:unucivil.unucivil_vehicle_unu_750_convertible_deluxe_apple":1,"mts:unudecor.unuparts_decor_unu_shelf_small_light":3},"minecraft:dropped":{"minecraft:oak_door":1,"mts:unudecor.unuparts_decor_unu_toilet_gold":1,"minecraft:grass_block":3,"mts:mtsofficialpack.pole_streetlight":2,"minecraft:stone":1}},"DataVersion":2586}