{"stats":{"minecraft:picked_up":{"minecraft:poppy":4,"minecraft:wheat_seeds":3,"minecraft:dirt":48},"minecraft:custom":{"minecraft:jump":47,"minecraft:time_since_rest":17660,"minecraft:crouch_one_cm":19,"minecraft:play_one_minute":17660,"minecraft:sprint_one_cm":17693,"minecraft:walk_on_water_one_cm":105,"minecraft:time_since_death":17660,"minecraft:walk_one_cm":83275,"minecraft:sneak_time":761,"minecraft:fall_one_cm":267,"minecraft:fly_one_cm":421307},"minecraft:used":{"minecraft:redstone_torch":3,"minecraft:dirt":6,"minecraft:sand":7,"minecraft:tnt":2}},"DataVersion":2586}