{"stats":{"minecraft:picked_up":{"minecraft:tnt":1,"minecraft:redstone_block":1,"minecraft:andesite":2,"minecraft:wheat_seeds":31,"minecraft:dandelion":6,"minecraft:sand":199,"mts:unucivil.unucivil_vehicle_unu_barista_seaweed":1,"argentinas_delight:espinacaitem":3,"minecraft:poppy":5,"minecraft:diorite":13,"minecraft:grass_block":2,"minecraft:coal":6,"minecraft:dirt":710,"minecraft:cobblestone":45},"minecraft:custom":{"minecraft:time_since_rest":25306,"minecraft:play_one_minute":71660,"minecraft:crouch_one_cm":375,"minecraft:sprint_one_cm":111070,"minecraft:walk_one_cm":298269,"minecraft:deaths":3,"minecraft:walk_under_water_one_cm":7587,"minecraft:sneak_time":1660,"minecraft:jump":219,"minecraft:time_since_death":22511,"minecraft:walk_on_water_one_cm":8096,"minecraft:fall_one_cm":267,"minecraft:fly_one_cm":840466},"minecraft:used":{"minecraft:redstone_torch":10,"minecraft:sand":7,"minecraft:dirt":45,"minecraft:tnt":26,"minecraft:grass_block":1348,"minecraft:stone":4,"minecraft:redstone_block":4,"mts:unucivil.unucivil_vehicle_unu_barista_seaweed":1}},"DataVersion":2586}