{"stats":{"minecraft:picked_up":{"minecraft:andesite":2,"minecraft:wheat_seeds":6,"minecraft:dandelion":3,"minecraft:sand":99,"minecraft:poppy":5,"minecraft:diorite":13,"minecraft:grass_block":2,"minecraft:coal":6,"minecraft:dirt":392,"minecraft:cobblestone":30},"minecraft:custom":{"minecraft:time_since_rest":834,"minecraft:play_one_minute":29660,"minecraft:crouch_one_cm":129,"minecraft:sprint_one_cm":26455,"minecraft:walk_one_cm":159362,"minecraft:deaths":2,"minecraft:sneak_time":881,"minecraft:jump":96,"minecraft:time_since_death":805,"minecraft:walk_on_water_one_cm":130,"minecraft:fall_one_cm":267,"minecraft:fly_one_cm":463700},"minecraft:used":{"minecraft:redstone_torch":10,"minecraft:sand":7,"minecraft:dirt":8,"minecraft:tnt":13,"minecraft:grass_block":217}},"DataVersion":2586}