{"stats":{"minecraft:custom":{"minecraft:interact_with_crafting_table":9,"minecraft:leave_game":1,"minecraft:time_since_death":60776,"minecraft:climb_one_cm":2582,"minecraft:sprint_one_cm":310106,"minecraft:walk_one_cm":1521111,"minecraft:drop":11,"minecraft:deaths":19,"minecraft:walk_under_water_one_cm":23400,"minecraft:sneak_time":3936,"minecraft:jump":1341,"minecraft:walk_on_water_one_cm":11163,"minecraft:play_one_minute":450561,"minecraft:pot_flower":1,"minecraft:time_since_rest":60811,"minecraft:fly_one_cm":2054769,"minecraft:swim_one_cm":1149,"minecraft:crouch_one_cm":1383,"minecraft:fall_one_cm":267},"minecraft:used":{"minecraft:oak_fence":48,"mts:unudecor.unuparts_decor_unu_shelf_small_light":3,"mts:mts.propellerbench":1,"minecraft:petrified_oak_slab":131,"minecraft:iron_bars":668,"cfm:post_box":1,"mts:mtsofficialpack.gunfireextinguisher":3,"minecraft:armor_stand":93,"minecraft:stone_shovel":36,"minecraft:ladder":12,"cfm:black_grill":4,"minecraft:black_carpet":2,"cfm:gray_sofa":3,"minecraft:stone":441,"minecraft:quartz_stairs":4,"mts:unudecor.unuparts_decor_unu_traffictube":1,"mts:unucivil.unucivil_vehicle_unu_mastodon_coupe_aqua":1,"minecraft:player_head":3,"cfm:rock_path":30,"minecraft:oak_door":41,"mts:mts.itembench":1,"minecraft:torch":7,"minecraft:dirt":85,"mts:unudecor.unuparts_decor_unu_radio_redsands":3,"minecraft:brick_slab":58,"cfm:oak_blinds":4,"mts:unuparts.unuparts_part_unu_crate_wooden":3,"mts:unucivil.unucivil_vehicle_unu_baron_sedanpolice_2":1,"minecraft:oak_wood":3,"minecraft:stone_stairs":61,"mts:unuparts.unuparts_part_unu_barrel_metal_red":2,"minecraft:polished_diorite":1,"argentinas_delight:tablachura":2,"minecraft:birch_door":1,"mts:unucivil.unucivil_vehicle_unu_camelfiretruck_red":1,"cfm:oak_crate":4,"mts:mts.instrumentbench":3,"minecraft:bricks":1845,"mts:mts.vehiclebench":1,"minecraft:lantern":25,"minecraft:grass_block":1979,"minecraft:oak_stairs":19,"mts:unudecor.unuparts_decor_unu_radio_manilla":2,"minecraft:brick_stairs":34,"lightmanscurrency:coinjar_blue":1,"cfm:stripped_oak_chair":6,"mts:unudecor.unuparts_decor_unu_chair_office_charcoal":1,"argentinas_delight:tablapescado":5,"mts:unucivil.unucivil_vehicle_unu_burro_porter_yellow":1,"cfm:stripped_birch_park_bench":16,"minecraft:stone_bricks":303,"minecraft:blue_banner":10,"mts:mtsofficialpack.pole_core":118,"mts:unudecor.unuparts_decor_unu_stereo":1,"lightmanscurrency:piggy_bank":2,"mts:unucivil.unucivil_vehicle_unu_barista_apple":4,"minecraft:furnace":17,"minecraft:podzol":62,"argentinas_delight:tabladechancho":4,"mts:mts.seatbench":1,"mts:mts.custombench":3,"mts:mtsofficialpack.crashbarrier":7,"minecraft:yellow_banner":7,"mts:unucivil.unucivil_vehicle_unu_steed_pickup_mint":1,"minecraft:mossy_stone_bricks":39,"mts:unuparts.unuparts_gun_unu_extinguisher":2,"mts:unudecor.unuparts_decor_unu_modelairship":1,"mts:unupmc.unupmc_vehicle_pmc_freightmaster_yellow":2,"mts:unucivil.unucivil_vehicle_unu_labrador_mail_ivory":5,"minecraft:oak_planks":30,"minecraft:redstone_block":16,"cfm:stripped_oak_mail_box":1,"mts:unucivil.unucivil_vehicle_unu_contractor_pickup_saddle":2,"mts:unucivil.unucivil_vehicle_unu_groundhog_apple":2,"mts:unucivil.unucivil_vehicle_unu_contractor_pickup_olive":2,"mts:mtsofficialpack.trafficcone":16,"minecraft:sand":7,"minecraft:rail":32,"mts:unudecor.unuparts_decor_unu_trafficbarrel":1,"minecraft:tnt":39,"minecraft:oak_slab":22,"minecraft:crafting_table":2,"mts:unucivil.unucivil_vehicle_unu_labrador_ivory":1,"cfm:oak_hedge":2,"minecraft:birch_sign":9,"mts:unuparts.unuparts_part_unu_barrel_jerrycan":3,"minecraft:yellow_concrete":1,"minecraft:white_bed":18,"minecraft:campfire":15,"minecraft:stone_brick_wall":15,"argentinas_delight:asadasotabladelante":1,"minecraft:smooth_red_sandstone_stairs":2,"minecraft:smoker":3,"mts:mts.wheelbench":6,"mts:mts.enginebench":2,"minecraft:redstone_torch":10,"minecraft:oak_log":11,"minecraft:flower_pot":1,"mts:unuparts.unuparts_part_unu_engine_i04_standard":1,"mts:unucivil.unucivil_vehicle_unu_ferret_vanpolice_riot_1":1,"minecraft:birch_slab":16,"mts:mtsofficialpack.signalcontroller":3,"minecraft:barrier":17,"mts:unudecor.unuparts_decor_unu_books_manuals":1,"mts:unucivil.unucivil_vehicle_unu_contractorxl_bucket_white":1,"minecraft:spruce_trapdoor":14,"mts:unudecor.unuparts_decor_unu_sofa":1,"argentinas_delight:jarravacia":1,"minecraft:gravel":21,"mts:unucivil.unucivil_vehicle_unu_barista_seaweed":1,"cfm:stripped_dark_oak_chair":1,"mts:mtsofficialpack.telephonebooth":1,"cfm:gray_grill":1,"cfm:stripped_oak_table":6,"cfm:andesite_bedside_cabinet":6,"minecraft:cobblestone":23,"argentinas_delight:matevacio":4,"minecraft:white_banner":8,"cfm:stripped_oak_blinds":6,"minecraft:andesite":22,"minecraft:smooth_stone_slab":391,"minecraft:red_banner":25,"minecraft:grass_path":213,"mts:unucivil.unucivil_vehicle_unu_mammoth_phaeton_apple":3,"minecraft:white_concrete":47,"minecraft:coarse_dirt":417,"mts:unucivil.unucivil_vehicle_unu_750_convertible_deluxe_apple":1,"mts:unudecor.unuparts_decor_unu_machine":1,"minecraft:birch_stairs":7},"minecraft:picked_up":{"mts:unuparts.unuparts_part_unu_engine_i04_standard":3,"minecraft:charcoal":10,"minecraft:redstone_block":1,"minecraft:ladder":2,"minecraft:leather_leggings":5,"mts:mtsofficialpack.pole_streetlight":1,"mts:mts.enginebench":1,"mts:mts.propellerbench":1,"minecraft:oak_stairs":1,"minecraft:cornflower":5,"minecraft:stone_stairs":1,"mts:unudecor.unuparts_decor_unu_radio_redsands":1,"mts:unucivil.unucivil_vehicle_unu_camelfiretruck_red":1,"minecraft:smooth_stone_slab":1,"mts:unucivil.unucivil_vehicle_unu_labrador_ivory":3,"minecraft:armor_stand":4,"cfm:stripped_dark_oak_chair":4,"minecraft:oak_sign":3,"minecraft:red_dye":1,"mts:unuparts.unuparts_part_unu_barrel_metal_red":1,"mts:unucivil.unucivil_vehicle_unu_barista_seaweed":1,"minecraft:player_head":2,"mts:unuparts.unuparts_part_unu_transmission_manual_3_base":3,"minecraft:poppy":5,"minecraft:quartz_stairs":2,"minecraft:birch_sapling":5,"minecraft:spruce_trapdoor":5,"minecraft:furnace":1,"mts:unuparts.unuparts_part_unu_licenseplate_euro_blackthorne":3,"minecraft:stick":1,"minecraft:stone":7,"minecraft:oak_door":7,"mts:unuparts.unuparts_part_unu_accessory_hardtop":3,"minecraft:jukebox":5,"mts:mtsofficialpack.pole_core":1,"minecraft:oak_fence":2,"mts:unudecor.unuparts_decor_unu_trafficbarrel":1,"minecraft:torch":3,"minecraft:white_dye":1,"mts:mts.custombench":1,"minecraft:diorite":13,"minecraft:yellow_banner":2,"minecraft:tnt":5,"minecraft:stone_shovel":1,"argentinas_delight:tablapescado":1,"mts:unuparts.unuparts_part_unu_seat_budget_saddle":6,"minecraft:blue_dye":1,"minecraft:petrified_oak_slab":1,"minecraft:brick_stairs":8,"minecraft:iron_bars":7,"minecraft:cobblestone":50,"mts:unudecor.unuparts_decor_unu_books_manuals":4,"mts:mtsofficialpack.pole_flashingsignal_yellow":1,"minecraft:leather_chestplate":3,"mts:unucivil.unucivil_vehicle_unu_contractor_pickup_olive":1,"minecraft:andesite":3,"minecraft:yellow_dye":1,"mts:unucivil.unucivil_vehicle_unu_labrador_mail_ivory":3,"mts:unuparts.unuparts_part_unu_barrel_jerrycan":3,"minecraft:oak_log":4,"argentinas_delight:tablachura":1,"minecraft:white_banner":2,"minecraft:dirt":1215,"mts:unuparts.unuparts_part_unu_wheel_standard_offroad":16,"minecraft:lantern":6,"mts:unuparts.unuparts_part_unu_crate_wooden":2,"cfm:stripped_oak_table":1,"minecraft:leather_boots":4,"minecraft:stone_bricks":4,"mts:mtsofficialpack.sign_wrongway":1,"minecraft:wheat_seeds":42,"minecraft:mossy_stone_bricks":2,"mts:mtsofficialpack.sign_donotenter":5,"mts:unudecor.unuparts_decor_unu_shelf_small_light":2,"cfm:stripped_oak_chair":1,"mts:unucivil.unucivil_vehicle_unu_contractor_pickup_saddle":1,"minecraft:dandelion":6,"minecraft:gravel":3,"minecraft:sand":199,"minecraft:red_banner":1,"mts:unucivil.unucivil_vehicle_unu_ferret_vanpolice_riot_1":1,"minecraft:white_bed":1,"argentinas_delight:espinacaitem":3,"minecraft:grass_block":7,"mts:unucivil.unucivil_vehicle_unu_groundhog_apple":1,"minecraft:spruce_door":4,"argentinas_delight:matevacio":1,"minecraft:brick_slab":4,"minecraft:oak_wood":2,"mts:unucivil.unucivil_vehicle_unu_barista_apple":2,"mts:mtsofficialpack.sign_stop":2,"mts:mtsofficialpack.pole_trafficsignal":1,"minecraft:campfire":5,"mts:unuparts.unuparts_gun_unu_extinguisher":2,"cfm:rock_path":4,"mts:unudecor.unuparts_decor_unu_radio_manilla":7,"mts:unudecor.unuparts_decor_unu_toilet_gold":2,"minecraft:birch_sign":5,"minecraft:white_concrete":2,"mts:mts.wheelbench":1,"minecraft:blue_banner":3,"mts:unucivil.unucivil_vehicle_unu_mammoth_phaeton_apple":2,"minecraft:bricks":33,"minecraft:coal":6,"mts:unuparts.unuparts_part_unu_accessory_roofrack":1},"minecraft:dropped":{"mts:unudecor.unuparts_decor_unu_toilet_gold":1,"minecraft:grass_block":3,"mts:mtsofficialpack.pole_streetlight":2,"minecraft:oak_door":1,"minecraft:stone_shovel":1,"minecraft:stone":1,"minecraft:leather_leggings":1,"minecraft:iron_bars":1},"minecraft:crafted":{"minecraft:leather_leggings":4,"minecraft:leather_boots":4,"minecraft:leather_chestplate":3}},"DataVersion":2586}