{"stats":{"minecraft:killed":{"minecraft:chicken":1},"minecraft:dropped":{"minecraft:lantern":1,"mts:unudecor.unuparts_decor_unu_toilet_gold":1,"minecraft:grass_block":3,"mts:mtsofficialpack.pole_streetlight":2,"minecraft:oak_door":1,"minecraft:stone_shovel":1,"minecraft:slime_block":1,"minecraft:stone":1,"mts:unudecor.unuparts_decor_unu_shelf_small_dark":1,"minecraft:leather_leggings":1,"minecraft:iron_bars":1,"minecraft:brick_slab":1},"minecraft:custom":{"minecraft:mob_kills":1,"minecraft:interact_with_crafting_table":9,"minecraft:leave_game":2,"minecraft:time_since_death":153423,"minecraft:climb_one_cm":3702,"minecraft:sprint_one_cm":383078,"minecraft:walk_one_cm":2075904,"minecraft:drop":15,"minecraft:deaths":21,"minecraft:sneak_time":7321,"minecraft:walk_under_water_one_cm":23400,"minecraft:jump":1868,"minecraft:walk_on_water_one_cm":11163,"minecraft:tune_noteblock":6,"minecraft:play_one_minute":635701,"minecraft:pot_flower":1,"minecraft:time_since_rest":153449,"minecraft:damage_dealt":40,"minecraft:swim_one_cm":1149,"minecraft:fly_one_cm":2883255,"minecraft:crouch_one_cm":1841,"minecraft:fall_one_cm":267},"minecraft:used":{"minecraft:oak_fence":48,"mts:unudecor.unuparts_decor_unu_shelf_small_light":3,"mts:mts.propellerbench":1,"minecraft:petrified_oak_slab":131,"minecraft:iron_bars":698,"cfm:post_box":1,"mts:mtsofficialpack.gunfireextinguisher":3,"minecraft:armor_stand":93,"mts:unudecor.unuparts_decor_unu_bookshelf_books_green":4,"minecraft:stone_shovel":36,"minecraft:redstone":15,"cfm:black_grill":4,"minecraft:ladder":12,"minecraft:black_carpet":22,"mts:unudecor.unuparts_decor_unu_bookshelf_books_orange":1,"cfm:gray_sofa":3,"mts:unudecor.unuparts_decor_unu_shelf_small_dark":6,"minecraft:stone":812,"minecraft:quartz_stairs":73,"mts:unucivil.unucivil_vehicle_unu_mastodon_coupe_aqua":1,"mts:unudecor.unuparts_decor_unu_traffictube":1,"minecraft:player_head":3,"cfm:rock_path":73,"minecraft:oak_door":49,"mts:mts.itembench":12,"minecraft:torch":9,"minecraft:dirt":86,"mts:unudecor.unuparts_decor_unu_radio_redsands":3,"minecraft:white_carpet":8,"minecraft:brick_slab":97,"cfm:oak_blinds":4,"mts:unuparts.unuparts_part_unu_crate_wooden":3,"mts:unucivil.unucivil_vehicle_unu_baron_sedanpolice_2":1,"minecraft:oak_wood":3,"minecraft:stone_stairs":61,"mts:unuparts.unuparts_part_unu_barrel_metal_red":2,"minecraft:obsidian":89,"mts:unudecor.unuparts_decor_unu_chair_office_saddle":2,"argentinas_delight:tablachura":2,"minecraft:polished_diorite":1,"minecraft:fern":6,"minecraft:shroomlight":3,"minecraft:birch_door":1,"minecraft:dark_oak_planks":34,"minecraft:wooden_axe":1,"mts:unucivil.unucivil_vehicle_unu_camelfiretruck_red":1,"cfm:oak_crate":4,"mts:mts.instrumentbench":3,"minecraft:bricks":2088,"minecraft:black_stained_glass_pane":2,"minecraft:bookshelf":3,"minecraft:quartz_pillar":53,"mts:mts.vehiclebench":1,"minecraft:quartz_slab":68,"minecraft:iron_block":8,"minecraft:lantern":63,"minecraft:grass_block":2074,"minecraft:oak_stairs":19,"mts:unudecor.unuparts_decor_unu_radio_manilla":2,"minecraft:brick_stairs":34,"minecraft:slime_block":49,"minecraft:quartz_block":814,"lightmanscurrency:coinjar_blue":1,"mts:unudecor.unuparts_decor_unu_bookshelf_books_blue":1,"cfm:stripped_oak_chair":13,"mts:unudecor.unuparts_decor_unu_chair_office_charcoal":18,"minecraft:dark_oak_slab":45,"minecraft:smooth_quartz":101,"argentinas_delight:tablapescado":5,"mts:unucivil.unucivil_vehicle_unu_burro_porter_yellow":1,"minecraft:blue_banner":10,"minecraft:stone_bricks":303,"cfm:stripped_birch_park_bench":16,"mts:mtsofficialpack.pole_core":118,"mts:unudecor.unuparts_decor_unu_stereo":1,"lightmanscurrency:piggy_bank":2,"mts:unucivil.unucivil_vehicle_unu_barista_apple":6,"minecraft:furnace":24,"minecraft:podzol":62,"argentinas_delight:tabladechancho":4,"cfm:red_sofa":4,"mts:mts.seatbench":1,"minecraft:stone_pressure_plate":11,"minecraft:observer":24,"minecraft:large_fern":42,"mts:mts.custombench":3,"mts:mtsofficialpack.crashbarrier":7,"minecraft:quartz_bricks":67,"minecraft:yellow_banner":7,"mts:unudecor.unuparts_decor_unu_bookshelf_books_red":1,"mts:unucivil.unucivil_vehicle_unu_steed_pickup_mint":1,"minecraft:mossy_stone_bricks":39,"mts:unuparts.unuparts_gun_unu_extinguisher":2,"mts:unudecor.unuparts_decor_unu_modelairship":1,"minecraft:wither_skeleton_skull":3,"mts:unupmc.unupmc_vehicle_pmc_freightmaster_yellow":2,"mts:unucivil.unucivil_vehicle_unu_labrador_mail_ivory":5,"lightmanscurrency:card_display_oak":1,"minecraft:oak_planks":30,"minecraft:redstone_block":16,"cfm:stripped_oak_mail_box":1,"mts:unucivil.unucivil_vehicle_unu_contractor_pickup_saddle":2,"mts:unucivil.unucivil_vehicle_unu_groundhog_apple":2,"mts:unucivil.unucivil_vehicle_unu_contractor_pickup_olive":2,"minecraft:rail":46,"mts:mtsofficialpack.trafficcone":16,"minecraft:sand":7,"mts:unudecor.unuparts_decor_unu_trafficbarrel":1,"minecraft:tnt":39,"minecraft:oak_slab":23,"minecraft:crafting_table":2,"mts:unucivil.unucivil_vehicle_unu_labrador_ivory":1,"cfm:oak_hedge":30,"mts:unuparts.unuparts_part_unu_barrel_jerrycan":3,"minecraft:birch_sign":11,"minecraft:yellow_concrete":1,"minecraft:white_bed":24,"minecraft:campfire":19,"argentinas_delight:asadasotabladelante":1,"minecraft:chiseled_quartz_block":60,"minecraft:note_block":5,"minecraft:stone_brick_wall":15,"minecraft:painting":6,"mts:unudecor.unuparts_decor_unu_books_generic2":1,"minecraft:smooth_red_sandstone_stairs":2,"minecraft:spruce_log":4,"minecraft:smoker":3,"mts:unudecor.unuparts_decor_unu_bookshelf_books_gray":2,"minecraft:dark_oak_door":2,"mts:mts.wheelbench":6,"lightmanscurrency:card_display_acacia":1,"mts:mts.enginebench":2,"minecraft:redstone_torch":10,"minecraft:oak_log":11,"minecraft:sticky_piston":31,"argentinas_delight:yerbabolsa":2,"minecraft:flower_pot":1,"mts:unuparts.unuparts_part_unu_engine_i04_standard":1,"mts:unucivil.unucivil_vehicle_unu_ferret_vanpolice_riot_1":1,"minecraft:birch_slab":16,"mts:mtsofficialpack.signalcontroller":3,"minecraft:barrier":17,"minecraft:stone_button":23,"mts:unudecor.unuparts_decor_unu_books_manuals":2,"mts:unucivil.unucivil_vehicle_unu_contractorxl_bucket_white":1,"minecraft:spruce_trapdoor":59,"mts:unudecor.unuparts_decor_unu_sofa":1,"minecraft:iron_door":5,"argentinas_delight:jarravacia":1,"minecraft:gravel":21,"mts:unucivil.unucivil_vehicle_unu_barista_seaweed":1,"cfm:stripped_dark_oak_chair":1,"mts:mtsofficialpack.telephonebooth":1,"cfm:gray_grill":1,"cfm:andesite_bedside_cabinet":6,"cfm:stripped_oak_table":13,"minecraft:cobblestone":25,"mts:unudecor.unuparts_decor_unu_stool_wood_standard":2,"argentinas_delight:matevacio":4,"minecraft:andesite":24,"minecraft:white_banner":8,"minecraft:smooth_stone_slab":391,"minecraft:red_banner":25,"minecraft:chain":9,"cfm:stripped_oak_blinds":6,"minecraft:grass_path":213,"mts:unucivil.unucivil_vehicle_unu_mammoth_phaeton_apple":3,"minecraft:white_concrete":76,"minecraft:coarse_dirt":572,"minecraft:splash_potion":1,"mts:unucivil.unucivil_vehicle_unu_750_convertible_deluxe_apple":1,"mts:unudecor.unuparts_decor_unu_machine":1,"minecraft:birch_stairs":7},"minecraft:picked_up":{"mts:unuparts.unuparts_part_unu_engine_i04_standard":3,"minecraft:charcoal":10,"minecraft:black_carpet":1,"minecraft:redstone_block":1,"minecraft:chicken":1,"minecraft:ladder":2,"minecraft:leather_leggings":5,"mts:mtsofficialpack.pole_streetlight":1,"mts:mts.enginebench":1,"minecraft:oak_stairs":1,"mts:mts.propellerbench":1,"minecraft:cornflower":5,"minecraft:stone_stairs":1,"mts:unudecor.unuparts_decor_unu_radio_redsands":1,"mts:unucivil.unucivil_vehicle_unu_camelfiretruck_red":1,"minecraft:smooth_stone_slab":1,"mts:unucivil.unucivil_vehicle_unu_labrador_ivory":3,"minecraft:armor_stand":4,"cfm:stripped_dark_oak_chair":4,"minecraft:oak_sign":3,"minecraft:red_dye":1,"mts:unuparts.unuparts_part_unu_barrel_metal_red":1,"mts:unucivil.unucivil_vehicle_unu_barista_seaweed":1,"mts:unuparts.unuparts_part_unu_transmission_manual_3_base":3,"minecraft:player_head":2,"minecraft:poppy":5,"minecraft:quartz_stairs":2,"minecraft:birch_sapling":5,"minecraft:spruce_trapdoor":5,"minecraft:furnace":1,"minecraft:egg":1,"mts:unuparts.unuparts_part_unu_licenseplate_euro_blackthorne":3,"minecraft:stick":1,"minecraft:stone":7,"mts:unuparts.unuparts_part_unu_accessory_hardtop":3,"minecraft:jukebox":5,"minecraft:oak_door":7,"mts:mtsofficialpack.pole_core":1,"minecraft:oak_fence":2,"minecraft:torch":3,"mts:unudecor.unuparts_decor_unu_trafficbarrel":1,"minecraft:white_dye":1,"mts:mts.custombench":1,"minecraft:stone_button":4,"minecraft:diorite":13,"minecraft:stone_pressure_plate":1,"minecraft:yellow_banner":2,"minecraft:tnt":5,"minecraft:stone_shovel":1,"argentinas_delight:tablapescado":1,"mts:unuparts.unuparts_part_unu_seat_budget_saddle":6,"minecraft:blue_dye":1,"minecraft:petrified_oak_slab":1,"minecraft:brick_stairs":8,"minecraft:iron_bars":7,"minecraft:cobblestone":50,"mts:unudecor.unuparts_decor_unu_books_manuals":4,"mts:mtsofficialpack.pole_flashingsignal_yellow":1,"mts:unucivil.unucivil_vehicle_unu_contractor_pickup_olive":1,"minecraft:leather_chestplate":3,"minecraft:andesite":3,"minecraft:yellow_dye":1,"mts:unucivil.unucivil_vehicle_unu_labrador_mail_ivory":3,"mts:unuparts.unuparts_part_unu_barrel_jerrycan":3,"minecraft:oak_log":4,"argentinas_delight:tablachura":1,"minecraft:white_banner":2,"minecraft:dirt":1215,"mts:unuparts.unuparts_part_unu_wheel_standard_offroad":16,"minecraft:lantern":7,"mts:unuparts.unuparts_part_unu_crate_wooden":2,"cfm:stripped_oak_table":1,"minecraft:leather_boots":4,"mts:mtsofficialpack.sign_wrongway":1,"minecraft:stone_bricks":4,"minecraft:wheat_seeds":44,"minecraft:mossy_stone_bricks":2,"mts:mtsofficialpack.sign_donotenter":5,"mts:unudecor.unuparts_decor_unu_shelf_small_light":2,"cfm:stripped_oak_chair":1,"mts:unucivil.unucivil_vehicle_unu_contractor_pickup_saddle":1,"minecraft:dandelion":6,"minecraft:gravel":3,"minecraft:sand":199,"minecraft:red_banner":1,"mts:unucivil.unucivil_vehicle_unu_ferret_vanpolice_riot_1":1,"minecraft:white_bed":1,"argentinas_delight:espinacaitem":3,"minecraft:grass_block":7,"mts:unucivil.unucivil_vehicle_unu_groundhog_apple":1,"minecraft:spruce_door":4,"argentinas_delight:matevacio":1,"minecraft:brick_slab":5,"minecraft:oak_wood":2,"mts:unucivil.unucivil_vehicle_unu_barista_apple":2,"mts:mtsofficialpack.sign_stop":2,"mts:mtsofficialpack.pole_trafficsignal":1,"minecraft:slime_block":1,"minecraft:campfire":5,"mts:unuparts.unuparts_gun_unu_extinguisher":2,"cfm:rock_path":4,"mts:unudecor.unuparts_decor_unu_radio_manilla":7,"minecraft:painting":1,"mts:unudecor.unuparts_decor_unu_toilet_gold":2,"minecraft:birch_sign":5,"minecraft:white_concrete":2,"minecraft:blue_banner":3,"mts:mts.wheelbench":1,"mts:unucivil.unucivil_vehicle_unu_mammoth_phaeton_apple":2,"mts:unudecor.unuparts_decor_unu_shelf_small_dark":1,"minecraft:bricks":33,"minecraft:coal":6,"mts:unuparts.unuparts_part_unu_accessory_roofrack":1},"minecraft:crafted":{"minecraft:leather_leggings":4,"minecraft:leather_boots":4,"minecraft:leather_chestplate":3}},"DataVersion":2586}