{"stats":{"minecraft:picked_up":{"mts:mtsofficialpack.pole_flashingsignal_yellow":1,"mts:unucivil.unucivil_vehicle_unu_contractor_pickup_olive":1,"minecraft:redstone_block":1,"minecraft:andesite":3,"mts:mtsofficialpack.pole_streetlight":1,"mts:mts.enginebench":1,"mts:unucivil.unucivil_vehicle_unu_labrador_mail_ivory":3,"mts:mts.propellerbench":1,"minecraft:dirt":1176,"mts:unuparts.unuparts_part_unu_wheel_standard_offroad":12,"mts:unucivil.unucivil_vehicle_unu_camelfiretruck_red":1,"mts:unucivil.unucivil_vehicle_unu_labrador_ivory":3,"mts:mtsofficialpack.sign_wrongway":1,"minecraft:stone_bricks":3,"minecraft:wheat_seeds":39,"mts:unucivil.unucivil_vehicle_unu_barista_seaweed":1,"mts:unuparts.unuparts_part_unu_transmission_manual_3_base":3,"mts:mtsofficialpack.sign_donotenter":4,"minecraft:mossy_stone_bricks":2,"minecraft:poppy":5,"minecraft:quartz_stairs":2,"minecraft:birch_sapling":5,"mts:unuparts.unuparts_part_unu_licenseplate_euro_blackthorne":3,"minecraft:stick":1,"minecraft:stone":6,"mts:unuparts.unuparts_part_unu_accessory_hardtop":3,"mts:mtsofficialpack.pole_core":1,"minecraft:oak_door":3,"mts:unucivil.unucivil_vehicle_unu_contractor_pickup_saddle":1,"minecraft:dandelion":6,"minecraft:gravel":2,"minecraft:sand":199,"mts:mts.custombench":1,"mts:unucivil.unucivil_vehicle_unu_ferret_vanpolice_riot_1":1,"minecraft:diorite":13,"argentinas_delight:espinacaitem":3,"minecraft:grass_block":6,"mts:unucivil.unucivil_vehicle_unu_groundhog_apple":1,"minecraft:tnt":1,"mts:unucivil.unucivil_vehicle_unu_barista_apple":1,"mts:mtsofficialpack.sign_stop":1,"mts:mtsofficialpack.pole_trafficsignal":1,"mts:unuparts.unuparts_part_unu_seat_budget_saddle":6,"minecraft:white_concrete":2,"mts:mts.wheelbench":1,"mts:unucivil.unucivil_vehicle_unu_mammoth_phaeton_apple":2,"minecraft:iron_bars":1,"minecraft:bricks":2,"minecraft:coal":6,"minecraft:cobblestone":50,"mts:unuparts.unuparts_part_unu_engine_i04_standard":3},"minecraft:custom":{"minecraft:play_one_minute":212732,"minecraft:leave_game":1,"minecraft:time_since_death":3749,"minecraft:time_since_rest":3776,"minecraft:sprint_one_cm":175541,"minecraft:walk_one_cm":668649,"minecraft:drop":6,"minecraft:fly_one_cm":1337676,"minecraft:crouch_one_cm":741,"minecraft:deaths":12,"minecraft:sneak_time":2321,"minecraft:walk_under_water_one_cm":7587,"minecraft:jump":664,"minecraft:walk_on_water_one_cm":8096,"minecraft:fall_one_cm":267},"minecraft:used":{"mts:mts.custombench":3,"mts:mts.propellerbench":1,"mts:mtsofficialpack.crashbarrier":7,"mts:unucivil.unucivil_vehicle_unu_steed_pickup_mint":1,"minecraft:mossy_stone_bricks":11,"minecraft:iron_bars":164,"mts:unupmc.unupmc_vehicle_pmc_freightmaster_yellow":2,"mts:unucivil.unucivil_vehicle_unu_labrador_mail_ivory":5,"minecraft:stone":394,"minecraft:redstone_block":14,"minecraft:quartz_stairs":4,"mts:unucivil.unucivil_vehicle_unu_contractor_pickup_saddle":2,"mts:unucivil.unucivil_vehicle_unu_mastodon_coupe_aqua":1,"mts:unucivil.unucivil_vehicle_unu_groundhog_apple":2,"minecraft:oak_door":18,"mts:mts.itembench":1,"mts:unucivil.unucivil_vehicle_unu_contractor_pickup_olive":2,"minecraft:torch":4,"minecraft:dirt":57,"mts:mtsofficialpack.trafficcone":11,"minecraft:sand":7,"minecraft:tnt":34,"mts:unucivil.unucivil_vehicle_unu_labrador_ivory":1,"minecraft:brick_slab":4,"cfm:oak_blinds":4,"mts:unucivil.unucivil_vehicle_unu_baron_sedanpolice_2":1,"minecraft:stone_stairs":17,"minecraft:yellow_concrete":1,"minecraft:smooth_red_sandstone_stairs":2,"mts:mts.wheelbench":5,"mts:mts.enginebench":2,"minecraft:birch_door":1,"minecraft:redstone_torch":10,"mts:unucivil.unucivil_vehicle_unu_camelfiretruck_red":1,"mts:mts.instrumentbench":3,"minecraft:bricks":742,"mts:unuparts.unuparts_part_unu_engine_i04_standard":1,"mts:mts.vehiclebench":1,"mts:unucivil.unucivil_vehicle_unu_ferret_vanpolice_riot_1":1,"mts:mtsofficialpack.signalcontroller":1,"minecraft:lantern":3,"minecraft:grass_block":1624,"minecraft:brick_stairs":6,"mts:unucivil.unucivil_vehicle_unu_contractorxl_bucket_white":1,"mts:unucivil.unucivil_vehicle_unu_burro_porter_yellow":1,"minecraft:gravel":3,"mts:unucivil.unucivil_vehicle_unu_barista_seaweed":1,"minecraft:stone_bricks":48,"mts:mtsofficialpack.pole_core":63,"mts:unucivil.unucivil_vehicle_unu_barista_apple":3,"mts:mtsofficialpack.telephonebooth":1,"cfm:gray_grill":1,"minecraft:cobblestone":2,"minecraft:andesite":5,"mts:mts.seatbench":1,"minecraft:smooth_stone_slab":385,"mts:unucivil.unucivil_vehicle_unu_mammoth_phaeton_apple":3,"minecraft:white_concrete":47,"mts:unucivil.unucivil_vehicle_unu_750_convertible_deluxe_apple":1},"minecraft:dropped":{"minecraft:oak_door":1,"minecraft:grass_block":2,"mts:mtsofficialpack.pole_streetlight":2,"minecraft:stone":1}},"DataVersion":2586}