{"stats":{"minecraft:picked_up":{"mts:mtsofficialpack.pole_flashingsignal_yellow":1,"minecraft:stick":1,"minecraft:stone":2,"minecraft:redstone_block":1,"minecraft:oak_door":2,"mts:mtsofficialpack.pole_core":1,"minecraft:andesite":2,"mts:mtsofficialpack.pole_streetlight":1,"minecraft:dandelion":6,"minecraft:gravel":2,"minecraft:sand":199,"mts:unucivil.unucivil_vehicle_unu_ferret_vanpolice_riot_1":1,"argentinas_delight:espinacaitem":3,"minecraft:diorite":13,"minecraft:grass_block":2,"mts:unucivil.unucivil_vehicle_unu_groundhog_apple":1,"minecraft:dirt":1176,"mts:unucivil.unucivil_vehicle_unu_camelfiretruck_red":1,"minecraft:tnt":1,"minecraft:stone_bricks":2,"mts:mtsofficialpack.pole_trafficsignal":1,"mts:mtsofficialpack.sign_wrongway":1,"mts:mtsofficialpack.sign_stop":1,"minecraft:wheat_seeds":39,"minecraft:white_concrete":2,"mts:unucivil.unucivil_vehicle_unu_barista_seaweed":1,"minecraft:mossy_stone_bricks":2,"minecraft:poppy":5,"mts:mtsofficialpack.sign_donotenter":4,"mts:unucivil.unucivil_vehicle_unu_mammoth_phaeton_apple":2,"minecraft:quartz_stairs":2,"minecraft:birch_sapling":5,"minecraft:coal":6,"minecraft:cobblestone":50},"minecraft:custom":{"minecraft:time_since_rest":22206,"minecraft:sprint_one_cm":163574,"minecraft:walk_one_cm":590972,"minecraft:drop":4,"minecraft:fly_one_cm":1262498,"minecraft:crouch_one_cm":598,"minecraft:play_one_minute":188732,"minecraft:walk_under_water_one_cm":7587,"minecraft:deaths":6,"minecraft:sneak_time":2273,"minecraft:jump":616,"minecraft:leave_game":1,"minecraft:walk_on_water_one_cm":8096,"minecraft:time_since_death":22173,"minecraft:fall_one_cm":267},"minecraft:used":{"minecraft:redstone_torch":10,"mts:mtsofficialpack.crashbarrier":7,"mts:unucivil.unucivil_vehicle_unu_camelfiretruck_red":1,"minecraft:mossy_stone_bricks":11,"minecraft:bricks":466,"minecraft:iron_bars":162,"mts:unucivil.unucivil_vehicle_unu_ferret_vanpolice_riot_1":1,"mts:unupmc.unupmc_vehicle_pmc_freightmaster_yellow":2,"minecraft:lantern":3,"minecraft:grass_block":1603,"mts:mtsofficialpack.signalcontroller":1,"minecraft:brick_stairs":6,"mts:unucivil.unucivil_vehicle_unu_contractorxl_bucket_white":1,"minecraft:stone":316,"minecraft:redstone_block":14,"mts:unucivil.unucivil_vehicle_unu_burro_porter_yellow":1,"minecraft:quartz_stairs":4,"minecraft:gravel":3,"mts:unucivil.unucivil_vehicle_unu_barista_seaweed":1,"minecraft:stone_bricks":45,"mts:unucivil.unucivil_vehicle_unu_groundhog_apple":2,"minecraft:oak_door":17,"mts:mtsofficialpack.pole_core":63,"cfm:gray_grill":1,"minecraft:cobblestone":2,"mts:mtsofficialpack.trafficcone":11,"minecraft:dirt":57,"minecraft:sand":7,"mts:mtsofficialpack.telephonebooth":1,"minecraft:tnt":34,"minecraft:brick_slab":4,"cfm:oak_blinds":4,"mts:unucivil.unucivil_vehicle_unu_mammoth_phaeton_apple":3,"minecraft:yellow_concrete":1,"minecraft:andesite":5,"minecraft:stone_stairs":17,"minecraft:smooth_stone_slab":385,"minecraft:white_concrete":47,"minecraft:smooth_red_sandstone_stairs":2,"mts:unucivil.unucivil_vehicle_unu_750_convertible_deluxe_apple":1,"minecraft:birch_door":1},"minecraft:dropped":{"minecraft:grass_block":1,"mts:mtsofficialpack.pole_streetlight":2,"minecraft:oak_door":1}},"DataVersion":2586}