{
  "mts:rtfm": {
    "criteria": {
      "has_manual": "2024-09-16 19:52:02 +0000"
    },
    "done": true
  },
  "lightmanscurrency:currency/netherite_wallet": {
    "criteria": {
      "netherite_wallet": "2024-09-16 19:52:02 +0000"
    },
    "done": true
  },
  "lightmanscurrency:currency/cash_register": {
    "criteria": {
      "cash_register": "2024-09-16 19:52:02 +0000"
    },
    "done": true
  },
  "lightmanscurrency:currency/coin_mint": {
    "criteria": {
      "coin_mint": "2024-09-16 19:52:02 +0000"
    },
    "done": true
  },
  "lightmanscurrency:currency/trading_core": {
    "criteria": {
      "trading_core": "2024-09-16 19:52:02 +0000"
    },
    "done": true
  },
  "minecraft:adventure/adventuring_time": {
    "criteria": {
      "minecraft:mountains": "2024-09-16 19:55:14 +0000",
      "minecraft:birch_forest": "2024-09-16 19:55:11 +0000",
      "minecraft:birch_forest_hills": "2024-09-16 19:55:10 +0000",
      "minecraft:swamp": "2024-09-16 19:56:00 +0000",
      "minecraft:plains": "2024-09-16 19:51:59 +0000"
    },
    "done": false
  },
  "DataVersion": 2586
}